Date,Description,Details,Merchant,Category,Budget_Character,Rule_Status,Rule_Match,Amount_AUD,Debit_AUD,Credit_AUD,Statement_Balance_AUD,Month,Parse_Status,Source_Page,Raw_Text
2026-06-01,SQ *KAHII Sydney AU,,Kahii,Dining & Coffee,Discretionary,suggested,contains:KAHII,-7.10,7.10,0.00,20471.61,2026-06,High confidence,1,"01 Jun 2026 SQ *KAHII Sydney AU -$7.10 $20,471.61"
2026-06-01,Direct Credit 158824 AMAZON COMMERCIA,FCS003830996572,Direct Credit 158824 AMAZON COMMERCIA,Income - Recurring Direct Credit,Income,system,,403.50,0.00,403.50,20875.11,2026-06,High confidence,1,"01 Jun 2026 Direct Credit 158824 AMAZON COMMERCIA $403.50 $20,875.11 | FCS003830996572"
2026-06-01,Direct Debit 012495 GU HEALTH D/DBT,29497443,Direct Debit 012495 GU HEALTH D/DBT,Health & Pharmacy,Essential,fallback,fallback:gu health d/dbt,-139.08,139.08,0.00,20736.03,2026-06,High confidence,1,"01 Jun 2026 Direct Debit 012495 GU HEALTH D/DBT -$139.08 $20,736.03 | 29497443"
2026-06-02,REBEL BROOKVALE BROOKVALE NS AUS,Card xx2810 | Value Date: 30/05/2026,Rebel,Shopping,Discretionary,confirmed,contains:REBEL,-67.99,67.99,0.00,20668.04,2026-06,High confidence,1,"02 Jun 2026 REBEL BROOKVALE BROOKVALE NS AUS -$67.99 $20,668.04 | Card xx2810 | Value Date: 30/05/2026"
2026-06-02,The Vicars Daughters Collaroy AU AUS,Card xx2810 | Value Date: 31/05/2026,The Vicars Daughters Collaroy,Other,Unknown,unmatched,,-22.36,22.36,0.00,20645.68,2026-06,High confidence,1,"02 Jun 2026 The Vicars Daughters Collaroy AU AUS -$22.36 $20,645.68 | Card xx2810 | Value Date: 31/05/2026"
2026-06-02,SEA VIEW CAFE & RESTA Dee Why NS AUS,Card xx2810 | Value Date: 31/05/2026,SEA VIEW CAFE & RESTA Dee Why,Dining & Coffee,Discretionary,fallback,fallback:cafe,-10.49,10.49,0.00,20635.19,2026-06,High confidence,1,"02 Jun 2026 SEA VIEW CAFE & RESTA Dee Why NS AUS -$10.49 $20,635.19 | Card xx2810 | Value Date: 31/05/2026"
2026-06-02,LSP*Corretto Dee Why Dee Why AU AUS,Card xx2810 | Value Date: 30/05/2026,Corretto Dee Why Dee Why,Dining & Coffee,Discretionary,fallback,fallback:corretto,-51.25,51.25,0.00,20583.94,2026-06,High confidence,1,"02 Jun 2026 LSP*Corretto Dee Why Dee Why AU AUS -$51.25 $20,583.94 | Card xx2810 | Value Date: 30/05/2026"
2026-06-02,COLES 0784 DEE WHY NS AUS,Card xx0018 | Value Date: 31/05/2026,COLES 0784 DEE WHY,Groceries,Essential,fallback,fallback:coles ,-81.76,81.76,0.00,20502.18,2026-06,High confidence,1,"02 Jun 2026 COLES 0784 DEE WHY NS AUS -$81.76 $20,502.18 | Card xx0018 | Value Date: 31/05/2026"
2026-06-02,W RETAIL GROUP PTY LTD WARRINGAH AUS,Card xx0018 | Value Date: 30/05/2026,W RETAIL GROUP PTY LTD WARRINGAH,Groceries,Essential,fallback,fallback:w retail group,-53.43,53.43,0.00,20448.75,2026-06,High confidence,1,"02 Jun 2026 W RETAIL GROUP PTY LTD WARRINGAH AUS -$53.43 $20,448.75 | Card xx0018 | Value Date: 30/05/2026"
2026-06-02,GUZMAN Y GOMEZ 0291910900 AU AUS,Card xx0018 | Value Date: 30/05/2026,GUZMAN Y GOMEZ,Dining & Coffee,Discretionary,fallback,fallback:guzman,-16.90,16.90,0.00,20431.85,2026-06,High confidence,1,"02 Jun 2026 GUZMAN Y GOMEZ 0291910900 AU AUS -$16.90 $20,431.85 | Card xx0018 | Value Date: 30/05/2026"
2026-06-02,COLES 0897 BROOKVALE NS AUS,Card xx0018 | Value Date: 30/05/2026,COLES 0897 BROOKVALE,Groceries,Essential,fallback,fallback:coles ,-34.30,34.30,0.00,20397.55,2026-06,High confidence,1,"02 Jun 2026 COLES 0897 BROOKVALE NS AUS -$34.30 $20,397.55 | Card xx0018 | Value Date: 30/05/2026"
2026-06-02,TRANSPORTFORNSW TAP SYDNEY AUS,Card xx0018 | Value Date: 29/05/2026,Transport for NSW,Transport,Essential,confirmed,contains:TRANSPORTFORNSW,-5.77,5.77,0.00,20391.78,2026-06,High confidence,2,"02 Jun 2026 TRANSPORTFORNSW TAP SYDNEY AUS -$5.77 $20,391.78 | Card xx0018 | Value Date: 29/05/2026"
2026-06-02,SQ *KAHII Sydney AU,,Kahii,Dining & Coffee,Discretionary,suggested,contains:KAHII,-7.10,7.10,0.00,20384.68,2026-06,High confidence,2,"02 Jun 2026 SQ *KAHII Sydney AU -$7.10 $20,384.68"
2026-06-03,AMZNPRIMEA* AMZNPRIMEA SYDNEY SOUTH NS AUS,Card xx6220 | Value Date: 01/06/2026,Amazon Prime,Subscriptions & Donations,Discretionary,confirmed,contains:AMZNPRIMEA,-79.00,79.00,0.00,20305.68,2026-06,High confidence,2,"03 Jun 2026 AMZNPRIMEA* AMZNPRIMEA SYDNEY SOUTH NS -$79.00 $20,305.68 | AUS | Card xx6220 | Value Date: 01/06/2026"
2026-06-03,BITE* BBDEE WHY SANCROX NS AUS,Card xx2810 | Value Date: 01/06/2026,BITE* BBDEE WHY SANCROX,Dining & Coffee,Discretionary,fallback,fallback:bite*,-27.78,27.78,0.00,20277.90,2026-06,High confidence,2,"03 Jun 2026 BITE* BBDEE WHY SANCROX NS AUS -$27.78 $20,277.90 | Card xx2810 | Value Date: 01/06/2026"
2026-06-03,TRANSPORTFORNSW TAP SYDNEY AUS,Card xx0018 | Value Date: 01/06/2026,Transport for NSW,Transport,Essential,confirmed,contains:TRANSPORTFORNSW,-2.31,2.31,0.00,20275.59,2026-06,High confidence,2,"03 Jun 2026 TRANSPORTFORNSW TAP SYDNEY AUS -$2.31 $20,275.59 | Card xx0018 | Value Date: 01/06/2026"
2026-06-03,VIET VIBE BROOKVALE AUS,Card xx0018 | Value Date: 30/05/2026,VIET VIBE BROOKVALE,Dining & Coffee,Discretionary,fallback,fallback:viet vibe,-22.33,22.33,0.00,20253.26,2026-06,High confidence,2,"03 Jun 2026 VIET VIBE BROOKVALE AUS -$22.33 $20,253.26 | Card xx0018 | Value Date: 30/05/2026"
2026-06-03,MAO SHENG ASIAN SUPE DEE WHY AUS,Card xx0018 | Value Date: 30/05/2026,MAO SHENG ASIAN SUPE DEE WHY,Groceries,Essential,fallback,fallback:mao sheng,-5.40,5.40,0.00,20247.86,2026-06,High confidence,2,"03 Jun 2026 MAO SHENG ASIAN SUPE DEE WHY AUS -$5.40 $20,247.86 | Card xx0018 | Value Date: 30/05/2026"
2026-06-03,asos.com Melbourne AUS,Card xx0018 | Value Date: 01/06/2026,ASOS,Shopping,Discretionary,confirmed,contains:ASOS,-123.99,123.99,0.00,20123.87,2026-06,High confidence,2,"03 Jun 2026 asos.com Melbourne AUS -$123.99 $20,123.87 | Card xx0018 | Value Date: 01/06/2026"
2026-06-03,SQ *SALUMERIE - SYDNEY Sydney AU,,SALUMERIE - SYDNEY Sydney,Dining & Coffee,Discretionary,fallback,fallback:salumerie,-6.60,6.60,0.00,20117.27,2026-06,High confidence,2,"03 Jun 2026 SQ *SALUMERIE - SYDNEY Sydney AU -$6.60 $20,117.27"
2026-06-03,SQ *KAHII Sydney AU,,Kahii,Dining & Coffee,Discretionary,suggested,contains:KAHII,-7.10,7.10,0.00,20110.17,2026-06,High confidence,2,"03 Jun 2026 SQ *KAHII Sydney AU -$7.10 $20,110.17"
2026-06-03,COLES 0784 DEE WHY AU,,COLES 0784 DEE WHY,Groceries,Essential,fallback,fallback:coles ,-23.16,23.16,0.00,20087.01,2026-06,High confidence,2,"03 Jun 2026 COLES 0784 DEE WHY AU -$23.16 $20,087.01"
2026-06-03,Transfer To Jetstar Airways Pty Ltd - $1,PayID Email from CommBank App | Booking Reference IT3ZJX,Transfer To Jetstar Airways Pty Ltd - $1,Transfer Out,Transfer,system,,-1104.00,1104.00,0.00,18983.01,2026-06,High confidence,2,"03 Jun 2026 Transfer To Jetstar Airways Pty Ltd - $1 -$1,104.00 $18,983.01 | PayID Email from CommBank App | Booking Reference IT3ZJX"
2026-06-03,Direct Debit 507156 MBAUDPayments,AMBITIONS_UdCSdbn6,Direct Debit 507156 MBAUDPayments,Fitness & Memberships,Discretionary,fallback,fallback:mbaudpayments,-68.00,68.00,0.00,18915.01,2026-06,High confidence,2,"03 Jun 2026 Direct Debit 507156 MBAUDPayments -$68.00 $18,915.01 | AMBITIONS_UdCSdbn6"
2026-06-04,ENERGYAUSTRALIA PTY LT MELBOURNE AUS,Card xx6220 | Value Date: 03/06/2026,ENERGYAUSTRALIA PTY LT MELBOURNE,Utilities & Phone,Essential,fallback,fallback:energyaustralia,-380.28,380.28,0.00,18534.73,2026-06,High confidence,2,"04 Jun 2026 ENERGYAUSTRALIA PTY LT MELBOURNE AUS -$380.28 $18,534.73 | Card xx6220 | Value Date: 03/06/2026"
2026-06-04,TRANSPORTFORNSW TAP SYDNEY AUS,Card xx0018 | Value Date: 02/06/2026,Transport for NSW,Transport,Essential,confirmed,contains:TRANSPORTFORNSW,-5.77,5.77,0.00,18528.96,2026-06,High confidence,2,"04 Jun 2026 TRANSPORTFORNSW TAP SYDNEY AUS -$5.77 $18,528.96 | Card xx0018 | Value Date: 02/06/2026"
2026-06-04,FLYING HAT SYDNEY AUS,Card xx0018 | Value Date: 02/06/2026,Flying Hat,Dining & Coffee,Discretionary,suggested,contains:FLYING HAT,-6.07,6.07,0.00,18522.89,2026-06,High confidence,2,"04 Jun 2026 FLYING HAT SYDNEY AUS -$6.07 $18,522.89 | Card xx0018 | Value Date: 02/06/2026"
2026-06-04,100 CLARENCE PTY LTD SYDNEY AUS,Card xx0018 | Value Date: 01/06/2026,100 CLARENCE PTY LTD SYDNEY,Other,Unknown,unmatched,,-6.59,6.59,0.00,18516.30,2026-06,High confidence,2,"04 Jun 2026 100 CLARENCE PTY LTD SYDNEY AUS -$6.59 $18,516.30 | Card xx0018 | Value Date: 01/06/2026"
2026-06-04,HUNGRYPANDA AU PRAHRAN VI AUS,Card xx0018 | Value Date: 02/06/2026,HungryPanda,Dining & Coffee,Discretionary,confirmed,contains:HUNGRYPANDA,-14.03,14.03,0.00,18502.27,2026-06,High confidence,3,"04 Jun 2026 HUNGRYPANDA AU PRAHRAN VI AUS -$14.03 $18,502.27 | Card xx0018 | Value Date: 02/06/2026"
2026-06-04,DEFT REAL ESTATE NetBank BPAY 4481 0053436473 Rent may 9 to 23,,DEFT REAL ESTATE NetBank BPAY 4481 Rent may 9 to 23,Housing - Rent,Essential,fallback,fallback:deft real estate,-1720.00,1720.00,0.00,16782.27,2026-06,High confidence,3,"04 Jun 2026 DEFT REAL ESTATE NetBank BPAY 4481 -$1,720.00 $16,782.27 | 0053436473 Rent may 9 to 23"
2026-06-04,SQ *SKITTLE LANE Sydney AU,,SKITTLE LANE Sydney,Dining & Coffee,Discretionary,fallback,fallback:skittle lane,-5.58,5.58,0.00,16776.69,2026-06,High confidence,3,"04 Jun 2026 SQ *SKITTLE LANE Sydney AU -$5.58 $16,776.69"
2026-06-04,SQ *MADAME LYNN Pyrmont AU,,MADAME LYNN Pyrmont,Other,Unknown,unmatched,,-11.18,11.18,0.00,16765.51,2026-06,High confidence,3,"04 Jun 2026 SQ *MADAME LYNN Pyrmont AU -$11.18 $16,765.51"
2026-06-04,SQ *LETAO SYDNEY Sydney AU,,LETAO SYDNEY Sydney,Other,Unknown,unmatched,,-7.09,7.09,0.00,16758.42,2026-06,High confidence,3,"04 Jun 2026 SQ *LETAO SYDNEY Sydney AU -$7.09 $16,758.42"
2026-06-05,AMAZON AU RETAIL SYDNEY AUS,Card xx6220 | Value Date: 01/06/2026,AMAZON RETAIL SYDNEY,Shopping,Discretionary,fallback,fallback:amazon au,-36.10,36.10,0.00,16722.32,2026-06,High confidence,3,"05 Jun 2026 AMAZON AU RETAIL SYDNEY AUS -$36.10 $16,722.32 | Card xx6220 | Value Date: 01/06/2026"
2026-06-05,BEAUTYFASCIA SHERIDAN WY USA,Card xx0018 USD 49.00 | Value Date: 03/06/2026,BeautyFascia,Beauty & Personal Care,Discretionary,confirmed,contains:BEAUTYFASCIA,-68.57,68.57,0.00,16653.75,2026-06,High confidence,3,"05 Jun 2026 BEAUTYFASCIA SHERIDAN WY USA -$68.57 $16,653.75 | Card xx0018 USD 49.00 | Value Date: 03/06/2026"
2026-06-05,International Transaction Fee,Value Date: 02/06/2026,International Transaction Fee,Bank Fees,Essential,fallback,fallback:international transaction fee,-2.40,2.40,0.00,16651.35,2026-06,High confidence,3,"05 Jun 2026 International Transaction Fee -$2.40 $16,651.35 | Value Date: 02/06/2026"
2026-06-05,SQ *PANINO PARADISO Sydney AU,,PANINO PARADISO Sydney,Dining & Coffee,Discretionary,fallback,fallback:panino paradiso,-5.10,5.10,0.00,16646.25,2026-06,High confidence,3,"05 Jun 2026 SQ *PANINO PARADISO Sydney AU -$5.10 $16,646.25"
2026-06-05,SQ *PANINO PARADISO Sydney AU,,PANINO PARADISO Sydney,Dining & Coffee,Discretionary,fallback,fallback:panino paradiso,-6.11,6.11,0.00,16640.14,2026-06,High confidence,3,"05 Jun 2026 SQ *PANINO PARADISO Sydney AU -$6.11 $16,640.14"
2026-06-05,SNSW*NSW Parks,,NSW National Parks,Entertainment & Experiences,Irregular,confirmed,contains:SNSW*NSW PARKS,-34.85,34.85,0.00,16605.29,2026-06,High confidence,3,"05 Jun 2026 SNSW*NSW Parks -$34.85 $16,605.29"
2026-06-05,MUJI RETAIL (AUSTRAL SYDNEY AU,,MUJI RETAIL (AUSTRAL SYDNEY,Shopping,Discretionary,fallback,fallback:muji retail,-40.20,40.20,0.00,16565.09,2026-06,High confidence,3,"05 Jun 2026 MUJI RETAIL (AUSTRAL SYDNEY AU -$40.20 $16,565.09"
2026-06-06,SQ *WINGMILL Dee Why NS AUS,Card xx0018 | Value Date: 04/06/2026,WINGMILL Dee Why,Dining & Coffee,Discretionary,fallback,fallback:wingmill,-45.00,45.00,0.00,16520.09,2026-06,High confidence,3,"06 Jun 2026 SQ *WINGMILL Dee Why NS AUS -$45.00 $16,520.09 | Card xx0018 | Value Date: 04/06/2026"
2026-06-06,SQ *SACREBLEU ! CANELE dee why AU,,SACREBLEU ! CANELE dee why,Dining & Coffee,Discretionary,fallback,fallback:canele,-47.48,47.48,0.00,16472.61,2026-06,High confidence,3,"06 Jun 2026 SQ *SACREBLEU ! CANELE dee why AU -$47.48 $16,472.61"
2026-06-06,SQ *BUTTERBOX LONGREEF Wheeler Heigh AU,,BUTTERBOX LONGREEF Wheeler Heigh,Other,Unknown,unmatched,,-6.00,6.00,0.00,16466.61,2026-06,High confidence,3,"06 Jun 2026 SQ *BUTTERBOX LONGREEF Wheeler Heigh AU -$6.00 $16,466.61"
2026-06-06,The Burek Guy Dee Why Dee Why AU,,The Burek Guy Dee Why Dee Why,Dining & Coffee,Discretionary,fallback,fallback:burek,-9.11,9.11,0.00,16457.50,2026-06,High confidence,3,"06 Jun 2026 The Burek Guy Dee Why Dee Why AU -$9.11 $16,457.50"
2026-06-06,LS LIFELINE NORTHERN Balgowlah AU,,LIFELINE NORTHERN Balgowlah,Other,Unknown,unmatched,,-8.05,8.05,0.00,16449.45,2026-06,High confidence,3,"06 Jun 2026 LS LIFELINE NORTHERN Balgowlah AU -$8.05 $16,449.45"
2026-06-07,Transfer To O ARSLAN,PayID Phone from CommBank App | Baklava,Transfer To O ARSLAN,Transfer Out,Transfer,system,,-10.00,10.00,0.00,16439.45,2026-06,High confidence,3,"07 Jun 2026 Transfer To O ARSLAN -$10.00 $16,439.45 | PayID Phone from CommBank App | Baklava"
2026-06-07,SQ *GUSTO ON THE BEACH Dee Why AU,,GUSTO ON THE BEACH Dee Why,Other,Unknown,unmatched,,-33.53,33.53,0.00,16405.92,2026-06,High confidence,3,"07 Jun 2026 SQ *GUSTO ON THE BEACH Dee Why AU -$33.53 $16,405.92"
2026-06-07,COLES 0784 DEE WHY AU,,COLES 0784 DEE WHY,Groceries,Essential,fallback,fallback:coles ,-12.50,12.50,0.00,16393.42,2026-06,High confidence,3,"07 Jun 2026 COLES 0784 DEE WHY AU -$12.50 $16,393.42"
2026-06-07,SQ *WINGMILL Dee Why AU,,WINGMILL Dee Why,Dining & Coffee,Discretionary,fallback,fallback:wingmill,-61.05,61.05,0.00,16332.37,2026-06,High confidence,3,"07 Jun 2026 SQ *WINGMILL Dee Why AU -$61.05 $16,332.37"
2026-06-07,SQ *WINGMILL Dee Why AU,,WINGMILL Dee Why,Dining & Coffee,Discretionary,fallback,fallback:wingmill,-31.90,31.90,0.00,16300.47,2026-06,High confidence,3,"07 Jun 2026 SQ *WINGMILL Dee Why AU -$31.90 $16,300.47"
2026-06-08,SQ *CASA FOCACCIA Dee Why AU,,CASA FOCACCIA Dee Why,Other,Unknown,unmatched,,-22.35,22.35,0.00,16278.12,2026-06,High confidence,3,"08 Jun 2026 SQ *CASA FOCACCIA Dee Why AU -$22.35 $16,278.12"
2026-06-08,SQ *DY LOCAL Dee Why AU,,DY LOCAL Dee Why,Other,Unknown,unmatched,,-9.98,9.98,0.00,16268.14,2026-06,High confidence,3,"08 Jun 2026 SQ *DY LOCAL Dee Why AU -$9.98 $16,268.14"
2026-06-09,TRANSPORTFORNSW OPAL CHIPPENDALE AUS,Card xx6220 | Value Date: 05/06/2026,Transport for NSW,Transport,Essential,confirmed,contains:TRANSPORTFORNSW,-60.00,60.00,0.00,16208.14,2026-06,High confidence,3,"09 Jun 2026 TRANSPORTFORNSW OPAL CHIPPENDALE AUS -$60.00 $16,208.14 | Card xx6220 | Value Date: 05/06/2026"
2026-06-09,SP TEA LIFE NORTH SAINT M NS AUS,Card xx0018 | Value Date: 07/06/2026,TEA LIFE NORTH SAINT M,Dining & Coffee,Discretionary,fallback,fallback:tea ,-66.80,66.80,0.00,16141.34,2026-06,High confidence,4,"09 Jun 2026 SP TEA LIFE NORTH SAINT M NS AUS -$66.80 $16,141.34 | Card xx0018 | Value Date: 07/06/2026"
2026-06-09,TRANSPORTFORNSW TAP SYDNEY AUS,Card xx0018 | Value Date: 06/06/2026,Transport for NSW,Transport,Essential,confirmed,contains:TRANSPORTFORNSW,-4.03,4.03,0.00,16137.31,2026-06,High confidence,4,"09 Jun 2026 TRANSPORTFORNSW TAP SYDNEY AUS -$4.03 $16,137.31 | Card xx0018 | Value Date: 06/06/2026"
2026-06-09,LA DISPENSA DEE WHY AUS,Card xx0018 | Value Date: 06/06/2026,LA DISPENSA DEE WHY,Other,Unknown,unmatched,,-11.99,11.99,0.00,16125.32,2026-06,High confidence,4,"09 Jun 2026 LA DISPENSA DEE WHY AUS -$11.99 $16,125.32 | Card xx0018 | Value Date: 06/06/2026"
2026-06-09,AMPOL BROOKVALE 22683F BROOKVALE AUS,Card xx0018 | Value Date: 06/06/2026,AMPOL BROOKVALE 22683F BROOKVALE,Transport,Essential,fallback,fallback:ampol,-5.50,5.50,0.00,16119.82,2026-06,High confidence,4,"09 Jun 2026 AMPOL BROOKVALE 22683F BROOKVALE AUS -$5.50 $16,119.82 | Card xx0018 | Value Date: 06/06/2026"
2026-06-09,ECKERSLEYS PTY LIMITE BROOKVALE AUS,Card xx0018 | Value Date: 06/06/2026,ECKERSLEYS PTY LIMITE BROOKVALE,Other,Unknown,unmatched,,-19.50,19.50,0.00,16100.32,2026-06,High confidence,4,"09 Jun 2026 ECKERSLEYS PTY LIMITE BROOKVALE AUS -$19.50 $16,100.32 | Card xx0018 | Value Date: 06/06/2026"
2026-06-09,ST VIN DE PAUL SOC NSW BROOKVALE AUS,Card xx0018 | Value Date: 06/06/2026,ST VIN DE PAUL SOC BROOKVALE,Other,Unknown,unmatched,,-3.00,3.00,0.00,16097.32,2026-06,High confidence,4,"09 Jun 2026 ST VIN DE PAUL SOC NSW BROOKVALE AUS -$3.00 $16,097.32 | Card xx0018 | Value Date: 06/06/2026"
2026-06-09,WOOLWORTHS 1472 DEE WHY NS AUS,Card xx0018 | Value Date: 06/06/2026,WOOLWORTHS 1472 DEE WHY,Groceries,Essential,fallback,fallback:woolworths,-49.54,49.54,0.00,16047.78,2026-06,High confidence,4,"09 Jun 2026 WOOLWORTHS 1472 DEE WHY NS AUS -$49.54 $16,047.78 | Card xx0018 | Value Date: 06/06/2026"
2026-06-09,TRANSPORTFORNSW TAP SYDNEY AUS,Card xx0018 | Value Date: 05/06/2026,Transport for NSW,Transport,Essential,confirmed,contains:TRANSPORTFORNSW,-5.77,5.77,0.00,16042.01,2026-06,High confidence,4,"09 Jun 2026 TRANSPORTFORNSW TAP SYDNEY AUS -$5.77 $16,042.01 | Card xx0018 | Value Date: 05/06/2026"
2026-06-09,BETTYS BURGERS CHADSTONE VI AUS,Card xx0018 | Value Date: 05/06/2026,Betty's Burgers,Dining & Coffee,Discretionary,confirmed,contains:BETTYS BURGERS,-12.50,12.50,0.00,16029.51,2026-06,High confidence,4,"09 Jun 2026 BETTYS BURGERS CHADSTONE VI AUS -$12.50 $16,029.51 | Card xx0018 | Value Date: 05/06/2026"
2026-06-09,LS MUCHO ALOHA BARS PT Sydney AU AUS,Card xx0018 | Value Date: 05/06/2026,MUCHO ALOHA BARS PT Sydney,Other,Unknown,unmatched,,-50.62,50.62,0.00,15978.89,2026-06,High confidence,4,"09 Jun 2026 LS MUCHO ALOHA BARS PT Sydney AU AUS -$50.62 $15,978.89 | Card xx0018 | Value Date: 05/06/2026"
2026-06-09,SQ *KAHII Sydney AU,,Kahii,Dining & Coffee,Discretionary,suggested,contains:KAHII,-7.10,7.10,0.00,15971.79,2026-06,High confidence,4,"09 Jun 2026 SQ *KAHII Sydney AU -$7.10 $15,971.79"
2026-06-09,SQ *T TOTALER Sydney AU,,T TOTALER Sydney,Dining & Coffee,Discretionary,fallback,fallback:totaler,-9.65,9.65,0.00,15962.14,2026-06,High confidence,4,"09 Jun 2026 SQ *T TOTALER Sydney AU -$9.65 $15,962.14"
2026-06-09,IMT 1200002130485 Emily Paula Klobuchar,REF K036403075872 | USD 137.56 Rate_0.6878 | Value Date_09/06/2026,IMT Emily Paula Klobuchar,Transfer Out,Transfer,system,,-200.00,200.00,0.00,15762.14,2026-06,High confidence,4,"09 Jun 2026 IMT 1200002130485 Emily Paula Klobuchar -$200.00 $15,762.14 | REF K036403075872 | USD 137.56 Rate_0.6878 | Value Date_09/06/2026"
2026-06-10,AMAZON AU MARKETPLACE SYDNEY AUS,Card xx6220 | Value Date: 07/06/2026,AMAZON MARKETPLACE SYDNEY,Shopping,Discretionary,fallback,fallback:amazon au,-15.89,15.89,0.00,15746.25,2026-06,High confidence,4,"10 Jun 2026 AMAZON AU MARKETPLACE SYDNEY AUS -$15.89 $15,746.25 | Card xx6220 | Value Date: 07/06/2026"
2026-06-10,COLES 0784 DEE WHY NS AUS,Card xx2810 | Value Date: 08/06/2026,COLES 0784 DEE WHY,Groceries,Essential,fallback,fallback:coles ,-80.31,80.31,0.00,15665.94,2026-06,High confidence,4,"10 Jun 2026 COLES 0784 DEE WHY NS AUS -$80.31 $15,665.94 | Card xx2810 | Value Date: 08/06/2026"
2026-06-10,GUZMAN Y GOMEZ 0291910900 AU AUS,Card xx0018 | Value Date: 08/06/2026,GUZMAN Y GOMEZ,Dining & Coffee,Discretionary,fallback,fallback:guzman,-19.43,19.43,0.00,15646.51,2026-06,High confidence,4,"10 Jun 2026 GUZMAN Y GOMEZ 0291910900 AU AUS -$19.43 $15,646.51 | Card xx0018 | Value Date: 08/06/2026"
2026-06-10,DODO SERVICES PTY LTD MELBOURNE VI AUS,Card xx0018 | Value Date: 08/06/2026,DODO SERVICES PTY LTD MELBOURNE,Utilities & Phone,Essential,fallback,fallback:dodo services,-71.99,71.99,0.00,15574.52,2026-06,High confidence,5,"10 Jun 2026 DODO SERVICES PTY LTD MELBOURNE VI AUS -$71.99 $15,574.52 | Card xx0018 | Value Date: 08/06/2026"
2026-06-10,SQ *KAHII Sydney AU,,Kahii,Dining & Coffee,Discretionary,suggested,contains:KAHII,-7.10,7.10,0.00,15567.42,2026-06,High confidence,5,"10 Jun 2026 SQ *KAHII Sydney AU -$7.10 $15,567.42"
2026-06-10,SQ *PYRMONT KEBAB Pyrmont AU,,PYRMONT KEBAB Pyrmont,Dining & Coffee,Discretionary,fallback,fallback:kebab,-15.24,15.24,0.00,15552.18,2026-06,High confidence,5,"10 Jun 2026 SQ *PYRMONT KEBAB Pyrmont AU -$15.24 $15,552.18"
2026-06-10,SMP*Hero Sushi Dee Why Dee Why02 AU,,Hero Sushi Dee Why Dee Why02,Dining & Coffee,Discretionary,fallback,fallback:sushi,-4.85,4.85,0.00,15547.33,2026-06,High confidence,5,"10 Jun 2026 SMP*Hero Sushi Dee Why Dee Why02 AU -$4.85 $15,547.33"
2026-06-10,Direct Debit 507156 MBAUDPayments,AMBITIONS_Ufp2vJgd,Direct Debit 507156 MBAUDPayments,Fitness & Memberships,Discretionary,fallback,fallback:mbaudpayments,-68.00,68.00,0.00,15479.33,2026-06,High confidence,5,"10 Jun 2026 Direct Debit 507156 MBAUDPayments -$68.00 $15,479.33 | AMBITIONS_Ufp2vJgd"
2026-06-11,BITE* BBDEE WHY SANCROX NS AUS,Card xx2810 | Value Date: 09/06/2026,BITE* BBDEE WHY SANCROX,Dining & Coffee,Discretionary,fallback,fallback:bite*,-27.78,27.78,0.00,15451.55,2026-06,High confidence,5,"11 Jun 2026 BITE* BBDEE WHY SANCROX NS AUS -$27.78 $15,451.55 | Card xx2810 | Value Date: 09/06/2026"
2026-06-11,HUNGRYPANDA AU PRAHRAN VI AUS,Card xx0018 | Value Date: 09/06/2026,HungryPanda,Dining & Coffee,Discretionary,confirmed,contains:HUNGRYPANDA,-16.39,16.39,0.00,15435.16,2026-06,High confidence,5,"11 Jun 2026 HUNGRYPANDA AU PRAHRAN VI AUS -$16.39 $15,435.16 | Card xx0018 | Value Date: 09/06/2026"
2026-06-11,SQ *CHINATOWN COUNTRY Sydney AU,,CHINATOWN COUNTRY Sydney,Dining & Coffee,Discretionary,fallback,fallback:chinatown country,-5.00,5.00,0.00,15430.16,2026-06,High confidence,5,"11 Jun 2026 SQ *CHINATOWN COUNTRY Sydney AU -$5.00 $15,430.16"
2026-06-11,SQ *BUREAU CAFE Sydney AU,,BUREAU CAFE Sydney,Dining & Coffee,Discretionary,fallback,fallback:cafe,-4.50,4.50,0.00,15425.66,2026-06,High confidence,5,"11 Jun 2026 SQ *BUREAU CAFE Sydney AU -$4.50 $15,425.66"
2026-06-11,SQ *LIME ESPRESSO Sydney AU,,LIME ESPRESSO Sydney,Dining & Coffee,Discretionary,fallback,fallback:espresso,-14.11,14.11,0.00,15411.55,2026-06,High confidence,5,"11 Jun 2026 SQ *LIME ESPRESSO Sydney AU -$14.11 $15,411.55"
2026-06-11,Direct Debit 518073 Crunch Fitness -,EZYPAYID_99597645,Direct Debit 518073 Crunch Fitness,Fitness & Memberships,Discretionary,fallback,fallback:crunch fitness,-22.90,22.90,0.00,15388.65,2026-06,High confidence,5,"11 Jun 2026 Direct Debit 518073 Crunch Fitness - -$22.90 $15,388.65 | EZYPAYID_99597645"
2026-06-11,Direct Debit 518073 Crunch Fitness -,EZYPAYID_99598093,Direct Debit 518073 Crunch Fitness,Fitness & Memberships,Discretionary,fallback,fallback:crunch fitness,-30.90,30.90,0.00,15357.75,2026-06,High confidence,5,"11 Jun 2026 Direct Debit 518073 Crunch Fitness - -$30.90 $15,357.75 | EZYPAYID_99598093"
2026-06-12,COLES 0784 DEE WHY NS AUS,Card xx2810 | Value Date: 10/06/2026,COLES 0784 DEE WHY,Groceries,Essential,fallback,fallback:coles ,-26.68,26.68,0.00,15331.07,2026-06,High confidence,5,"12 Jun 2026 COLES 0784 DEE WHY NS AUS -$26.68 $15,331.07 | Card xx2810 | Value Date: 10/06/2026"
2026-06-12,TRANSPORTFORNSW TAP SYDNEY AUS,Card xx0018 | Value Date: 10/06/2026,Transport for NSW,Transport,Essential,confirmed,contains:TRANSPORTFORNSW,-4.03,4.03,0.00,15327.04,2026-06,High confidence,5,"12 Jun 2026 TRANSPORTFORNSW TAP SYDNEY AUS -$4.03 $15,327.04 | Card xx0018 | Value Date: 10/06/2026"
2026-06-12,MAPPEN 10 PTY LTD SYDNEY AU,,MAPPEN 10 PTY LTD SYDNEY,Dining & Coffee,Discretionary,fallback,fallback:mappen,-32.30,32.30,0.00,15294.74,2026-06,High confidence,5,"12 Jun 2026 MAPPEN 10 PTY LTD SYDNEY AU -$32.30 $15,294.74"
2026-06-12,Molly Tea Regent Plac Sydney AU,,Molly Tea Regent Plac Sydney,Dining & Coffee,Discretionary,fallback,fallback:tea ,-9.65,9.65,0.00,15285.09,2026-06,High confidence,5,"12 Jun 2026 Molly Tea Regent Plac Sydney AU -$9.65 $15,285.09"
2026-06-12,Fast Transfer From MYO MYO SO to PayID Phone Ramen TY!,,Fast Transfer From MYO MYO SO to PayID Phone Ramen TY!,Transfer In,Transfer,system,,15.00,0.00,15.00,15300.09,2026-06,High confidence,5,"12 Jun 2026 Fast Transfer From MYO MYO SO $15.00 $15,300.09 | to PayID Phone | Ramen TY!"
2026-06-12,SQ *WINGMILL Dee Why AU,,WINGMILL Dee Why,Dining & Coffee,Discretionary,fallback,fallback:wingmill,-46.00,46.00,0.00,15254.09,2026-06,High confidence,5,"12 Jun 2026 SQ *WINGMILL Dee Why AU -$46.00 $15,254.09"
2026-06-12,LIQUORLAND 3626 DEE WHY AU,,LIQUORLAND 3626 DEE WHY,Dining & Coffee,Discretionary,fallback,fallback:liquor,-22.00,22.00,0.00,15232.09,2026-06,High confidence,5,"12 Jun 2026 LIQUORLAND 3626 DEE WHY AU -$22.00 $15,232.09"
2026-06-13,Chargrill Dee Why Dee Why NS AUS,Card xx2810 | Value Date: 11/06/2026,Chargrill Dee Why Dee Why,Dining & Coffee,Discretionary,fallback,fallback:grill,-22.13,22.13,0.00,15209.96,2026-06,High confidence,5,"13 Jun 2026 Chargrill Dee Why Dee Why NS AUS -$22.13 $15,209.96 | Card xx2810 | Value Date: 11/06/2026"
2026-06-13,BITE* BBDEE WHY SANCROX NS AUS,Card xx2810 | Value Date: 11/06/2026,BITE* BBDEE WHY SANCROX,Dining & Coffee,Discretionary,fallback,fallback:bite*,-31.85,31.85,0.00,15178.11,2026-06,High confidence,5,"13 Jun 2026 BITE* BBDEE WHY SANCROX NS AUS -$31.85 $15,178.11 | Card xx2810 | Value Date: 11/06/2026"
2026-06-13,AMAZON AU MARKETPLACE SYDNEY AUS,Card xx6220 | Value Date: 10/06/2026,AMAZON MARKETPLACE SYDNEY,Shopping,Discretionary,fallback,fallback:amazon au,-35.02,35.02,0.00,15143.09,2026-06,High confidence,6,"13 Jun 2026 AMAZON AU MARKETPLACE SYDNEY AUS -$35.02 $15,143.09 | Card xx6220 | Value Date: 10/06/2026"
2026-06-13,TRANSPORTFORNSW TAP SYDNEY AUS,Card xx0018 | Value Date: 11/06/2026,Transport for NSW,Transport,Essential,confirmed,contains:TRANSPORTFORNSW,-4.03,4.03,0.00,15139.06,2026-06,High confidence,6,"13 Jun 2026 TRANSPORTFORNSW TAP SYDNEY AUS -$4.03 $15,139.06 | Card xx0018 | Value Date: 11/06/2026"
2026-06-13,COLES 0784 DEE WHY AU,,COLES 0784 DEE WHY,Groceries,Essential,fallback,fallback:coles ,-10.00,10.00,0.00,15129.06,2026-06,High confidence,6,"13 Jun 2026 COLES 0784 DEE WHY AU -$10.00 $15,129.06"
2026-06-13,IGA DEE WHY L0347 DEE WHY NSW AU,,IGA DEE WHY L0347 DEE WHY,Groceries,Essential,fallback,fallback:iga ,-4.49,4.49,0.00,15124.57,2026-06,High confidence,6,"13 Jun 2026 IGA DEE WHY L0347 DEE WHY NSW AU -$4.49 $15,124.57"
2026-06-13,COLES 0784 DEE WHY AU,,COLES 0784 DEE WHY,Groceries,Essential,fallback,fallback:coles ,-3.50,3.50,0.00,15121.07,2026-06,High confidence,6,"13 Jun 2026 COLES 0784 DEE WHY AU -$3.50 $15,121.07"
2026-06-13,COLES 0784 DEE WHY AU,,COLES 0784 DEE WHY,Groceries,Essential,fallback,fallback:coles ,-13.80,13.80,0.00,15107.27,2026-06,High confidence,6,"13 Jun 2026 COLES 0784 DEE WHY AU -$13.80 $15,107.27"
2026-06-14,SQ *SACREBLEU ! CANELE dee why AU,,SACREBLEU ! CANELE dee why,Dining & Coffee,Discretionary,fallback,fallback:canele,-19.09,19.09,0.00,15088.18,2026-06,High confidence,6,"14 Jun 2026 SQ *SACREBLEU ! CANELE dee why AU -$19.09 $15,088.18"
2026-06-14,SQ *SACREBLEU ! CANELE dee why AU,,SACREBLEU ! CANELE dee why,Dining & Coffee,Discretionary,fallback,fallback:canele,-10.16,10.16,0.00,15078.02,2026-06,High confidence,6,"14 Jun 2026 SQ *SACREBLEU ! CANELE dee why AU -$10.16 $15,078.02"
2026-06-15,Direct Debit 545383 Telstra Services,5scxam67,Direct Debit 545383 Telstra Services,Utilities & Phone,Essential,fallback,fallback:telstra services,-138.00,138.00,0.00,14940.02,2026-06,High confidence,6,"15 Jun 2026 Direct Debit 545383 Telstra Services -$138.00 $14,940.02 | 5scxam67"
2026-06-16,LA DISPENSA DEE WHY AUS,Card xx2810 | Value Date: 13/06/2026,LA DISPENSA DEE WHY,Other,Unknown,unmatched,,-21.69,21.69,0.00,14918.33,2026-06,High confidence,6,"16 Jun 2026 LA DISPENSA DEE WHY AUS -$21.69 $14,918.33 | Card xx2810 | Value Date: 13/06/2026"
2026-06-16,Cafe Plenty Dee Why NS AUS,Card xx2810 | Value Date: 13/06/2026,Cafe Plenty Dee Why,Dining & Coffee,Discretionary,fallback,fallback:cafe,-4.87,4.87,0.00,14913.46,2026-06,High confidence,6,"16 Jun 2026 Cafe Plenty Dee Why NS AUS -$4.87 $14,913.46 | Card xx2810 | Value Date: 13/06/2026"
2026-06-16,COLES 0784 DEE WHY NS AUS,Card xx2810 | Value Date: 12/06/2026,COLES 0784 DEE WHY,Groceries,Essential,fallback,fallback:coles ,-26.00,26.00,0.00,14887.46,2026-06,High confidence,6,"16 Jun 2026 COLES 0784 DEE WHY NS AUS -$26.00 $14,887.46 | Card xx2810 | Value Date: 12/06/2026"
2026-06-16,COLES 0784 DEE WHY NS AUS,Card xx0018 | Value Date: 14/06/2026,COLES 0784 DEE WHY,Groceries,Essential,fallback,fallback:coles ,-66.76,66.76,0.00,14820.70,2026-06,High confidence,6,"16 Jun 2026 COLES 0784 DEE WHY NS AUS -$66.76 $14,820.70 | Card xx0018 | Value Date: 14/06/2026"
2026-06-16,TRANSPORTFORNSW TAP SYDNEY AUS,Card xx0018 | Value Date: 13/06/2026,Transport for NSW,Transport,Essential,confirmed,contains:TRANSPORTFORNSW,-4.03,4.03,0.00,14816.67,2026-06,High confidence,6,"16 Jun 2026 TRANSPORTFORNSW TAP SYDNEY AUS -$4.03 $14,816.67 | Card xx0018 | Value Date: 13/06/2026"
2026-06-16,THREDUP 6175759676 CA USA,Card xx0018 USD 74.63 | Value Date: 13/06/2026,ThredUp,Shopping,Discretionary,confirmed,contains:THREDUP,-106.87,106.87,0.00,14709.80,2026-06,High confidence,6,"16 Jun 2026 THREDUP 6175759676 CA USA -$106.87 $14,709.80 | Card xx0018 USD 74.63 | Value Date: 13/06/2026"
2026-06-16,International Transaction Fee,Value Date: 13/06/2026,International Transaction Fee,Bank Fees,Essential,fallback,fallback:international transaction fee,-3.74,3.74,0.00,14706.06,2026-06,High confidence,6,"16 Jun 2026 International Transaction Fee -$3.74 $14,706.06 | Value Date: 13/06/2026"
2026-06-16,Guzman Y Gomez Franch Surry Hills NS AUS,Card xx0018 | Value Date: 13/06/2026,Guzman Y Gomez Franch Surry Hills,Dining & Coffee,Discretionary,fallback,fallback:guzman,-16.90,16.90,0.00,14689.16,2026-06,High confidence,6,"16 Jun 2026 Guzman Y Gomez Franch Surry Hills NS AUS -$16.90 $14,689.16 | Card xx0018 | Value Date: 13/06/2026"
2026-06-16,FLYING HAT SYDNEY AUS,Card xx0018 | Value Date: 12/06/2026,Flying Hat,Dining & Coffee,Discretionary,suggested,contains:FLYING HAT,-6.07,6.07,0.00,14683.09,2026-06,High confidence,6,"16 Jun 2026 FLYING HAT SYDNEY AUS -$6.07 $14,683.09 | Card xx0018 | Value Date: 12/06/2026"
2026-06-16,EJ FAMILY TRUST SYDNEY NS AUS,Card xx0018 | Value Date: 12/06/2026,EJ FAMILY TRUST SYDNEY,Other,Unknown,unmatched,,-19.21,19.21,0.00,14663.88,2026-06,High confidence,6,"16 Jun 2026 EJ FAMILY TRUST SYDNEY NS AUS -$19.21 $14,663.88 | Card xx0018 | Value Date: 12/06/2026"
2026-06-16,GARDENIA ESPRESSO SYDNEY NS AUS,Card xx0018 | Value Date: 12/06/2026,GARDENIA ESPRESSO SYDNEY,Dining & Coffee,Discretionary,fallback,fallback:espresso,-8.00,8.00,0.00,14655.88,2026-06,High confidence,7,"16 Jun 2026 GARDENIA ESPRESSO SYDNEY NS AUS -$8.00 $14,655.88 | Card xx0018 | Value Date: 12/06/2026"
2026-06-16,SQ *ALL PURPOSE BAKERY Sydney AU,,ALL PURPOSE BAKERY Sydney,Dining & Coffee,Discretionary,fallback,fallback:bakery,-9.09,9.09,0.00,14646.79,2026-06,High confidence,7,"16 Jun 2026 SQ *ALL PURPOSE BAKERY Sydney AU -$9.09 $14,646.79"
2026-06-16,SQ *KAHII Sydney AU,,Kahii,Dining & Coffee,Discretionary,suggested,contains:KAHII,-7.10,7.10,0.00,14639.69,2026-06,High confidence,7,"16 Jun 2026 SQ *KAHII Sydney AU -$7.10 $14,639.69"
2026-06-16,SQ *WINGMILL Dee Why AU,,WINGMILL Dee Why,Dining & Coffee,Discretionary,fallback,fallback:wingmill,-45.00,45.00,0.00,14594.69,2026-06,High confidence,7,"16 Jun 2026 SQ *WINGMILL Dee Why AU -$45.00 $14,594.69"
2026-06-17,BITE* BBDEE WHY SANCROX NS AUS,Card xx2810 | Value Date: 15/06/2026,BITE* BBDEE WHY SANCROX,Dining & Coffee,Discretionary,fallback,fallback:bite*,-25.75,25.75,0.00,14568.94,2026-06,High confidence,7,"17 Jun 2026 BITE* BBDEE WHY SANCROX NS AUS -$25.75 $14,568.94 | Card xx2810 | Value Date: 15/06/2026"
2026-06-17,MAO SHENG ASIAN SUPE DEE WHY AUS,Card xx0018 | Value Date: 13/06/2026,MAO SHENG ASIAN SUPE DEE WHY,Groceries,Essential,fallback,fallback:mao sheng,-4.91,4.91,0.00,14564.03,2026-06,High confidence,7,"17 Jun 2026 MAO SHENG ASIAN SUPE DEE WHY AUS -$4.91 $14,564.03 | Card xx0018 | Value Date: 13/06/2026"
2026-06-17,SQ *ALL PURPOSE BAKERY Sydney AU,,ALL PURPOSE BAKERY Sydney,Dining & Coffee,Discretionary,fallback,fallback:bakery,-4.24,4.24,0.00,14559.79,2026-06,High confidence,7,"17 Jun 2026 SQ *ALL PURPOSE BAKERY Sydney AU -$4.24 $14,559.79"
2026-06-17,SQ *KAHII Sydney AU,,Kahii,Dining & Coffee,Discretionary,suggested,contains:KAHII,-7.10,7.10,0.00,14552.69,2026-06,High confidence,7,"17 Jun 2026 SQ *KAHII Sydney AU -$7.10 $14,552.69"
2026-06-17,SQ *CHUBBY CUBBY CAFE Melrose Park AU,,CHUBBY CUBBY CAFE Melrose Park,Dining & Coffee,Discretionary,fallback,fallback:cafe,-9.65,9.65,0.00,14543.04,2026-06,High confidence,7,"17 Jun 2026 SQ *CHUBBY CUBBY CAFE Melrose Park AU -$9.65 $14,543.04"
2026-06-17,SMP*Hero Sushi Dee Why Dee Why02 AU,,Hero Sushi Dee Why Dee Why02,Dining & Coffee,Discretionary,fallback,fallback:sushi,-5.05,5.05,0.00,14537.99,2026-06,High confidence,7,"17 Jun 2026 SMP*Hero Sushi Dee Why Dee Why02 AU -$5.05 $14,537.99"
2026-06-17,Direct Debit 507156 MBAUDPayments,AMBITIONS_UiRcT5t9,Direct Debit 507156 MBAUDPayments,Fitness & Memberships,Discretionary,fallback,fallback:mbaudpayments,-68.00,68.00,0.00,14469.99,2026-06,High confidence,7,"17 Jun 2026 Direct Debit 507156 MBAUDPayments -$68.00 $14,469.99 | AMBITIONS_UiRcT5t9"
2026-06-18,AMAZON AU MARKETPLACE SYDNEY AUS,Card xx6220 | Value Date: 16/06/2026,AMAZON MARKETPLACE SYDNEY,Shopping,Discretionary,fallback,fallback:amazon au,-31.65,31.65,0.00,14438.34,2026-06,High confidence,7,"18 Jun 2026 AMAZON AU MARKETPLACE SYDNEY AUS -$31.65 $14,438.34 | Card xx6220 | Value Date: 16/06/2026"
2026-06-18,HUNGRYPANDA AU PRAHRAN VI AUS,Card xx0018 | Value Date: 16/06/2026,HungryPanda,Dining & Coffee,Discretionary,confirmed,contains:HUNGRYPANDA,-16.39,16.39,0.00,14421.95,2026-06,High confidence,7,"18 Jun 2026 HUNGRYPANDA AU PRAHRAN VI AUS -$16.39 $14,421.95 | Card xx0018 | Value Date: 16/06/2026"
2026-06-18,DEFT REAL ESTATE NetBank BPAY 4481 0053436473 Rent may 9 to 23,,DEFT REAL ESTATE NetBank BPAY 4481 Rent may 9 to 23,Housing - Rent,Essential,fallback,fallback:deft real estate,-1720.00,1720.00,0.00,12701.95,2026-06,High confidence,7,"18 Jun 2026 DEFT REAL ESTATE NetBank BPAY 4481 -$1,720.00 $12,701.95 | 0053436473 Rent may 9 to 23"
2026-06-18,SMP*Hero Sushi Dee Why Dee Why02 AU,,Hero Sushi Dee Why Dee Why02,Dining & Coffee,Discretionary,fallback,fallback:sushi,-6.26,6.26,0.00,12695.69,2026-06,High confidence,7,"18 Jun 2026 SMP*Hero Sushi Dee Why Dee Why02 AU -$6.26 $12,695.69"
2026-06-18,COLES 0784 DEE WHY AU,,COLES 0784 DEE WHY,Groceries,Essential,fallback,fallback:coles ,-15.45,15.45,0.00,12680.24,2026-06,High confidence,7,"18 Jun 2026 COLES 0784 DEE WHY AU -$15.45 $12,680.24"
2026-06-19,COLES 0784 DEE WHY NS AUS,Card xx2810 | Value Date: 17/06/2026,COLES 0784 DEE WHY,Groceries,Essential,fallback,fallback:coles ,-32.19,32.19,0.00,12648.05,2026-06,High confidence,7,"19 Jun 2026 COLES 0784 DEE WHY NS AUS -$32.19 $12,648.05 | Card xx2810 | Value Date: 17/06/2026"
2026-06-19,AMAZON AU MARKETPLACE SYDNEY AUS,Card xx6220 | Value Date: 17/06/2026,AMAZON MARKETPLACE SYDNEY,Shopping,Discretionary,fallback,fallback:amazon au,-62.99,62.99,0.00,12585.06,2026-06,High confidence,7,"19 Jun 2026 AMAZON AU MARKETPLACE SYDNEY AUS -$62.99 $12,585.06 | Card xx6220 | Value Date: 17/06/2026"
2026-06-19,NETFLIX.COM Melbourne AU AUS,Card xx0018 | Value Date: 18/06/2026,NETFLIX.COM Melbourne,Subscriptions & Donations,Discretionary,fallback,fallback:netflix,-9.99,9.99,0.00,12575.07,2026-06,High confidence,7,"19 Jun 2026 NETFLIX.COM Melbourne AU AUS -$9.99 $12,575.07 | Card xx0018 | Value Date: 18/06/2026"
2026-06-19,Transfer To hannah shi CommBank App _,,Transfer To hannah shi CommBank App,Transfer Out,Transfer,system,,-10.00,10.00,0.00,12565.07,2026-06,High confidence,7,"19 Jun 2026 Transfer To hannah shi -$10.00 $12,565.07 | CommBank App _"
2026-06-19,Flappy's Fried Chicke Sydney AU,,Flappy's Fried Chicke Sydney,Dining & Coffee,Discretionary,fallback,fallback:flappy,-21.00,21.00,0.00,12544.07,2026-06,High confidence,7,"19 Jun 2026 Flappy's Fried Chicke Sydney AU -$21.00 $12,544.07"
2026-06-19,SQ *WINGMILL Dee Why AU,,WINGMILL Dee Why,Dining & Coffee,Discretionary,fallback,fallback:wingmill,-54.00,54.00,0.00,12490.07,2026-06,High confidence,7,"19 Jun 2026 SQ *WINGMILL Dee Why AU -$54.00 $12,490.07"
2026-06-20,WEI AND HONG PTY LTD DEE WHY AU AUS,Card xx2810 | Value Date: 18/06/2026,WEI AND HONG PTY LTD DEE WHY,Other,Unknown,unmatched,,-5.08,5.08,0.00,12484.99,2026-06,High confidence,8,"20 Jun 2026 WEI AND HONG PTY LTD DEE WHY AU AUS -$5.08 $12,484.99 | Card xx2810 | Value Date: 18/06/2026"
2026-06-20,AMAZON AU MARKETPLACE SYDNEY AUS,Card xx6220 | Value Date: 17/06/2026,AMAZON MARKETPLACE SYDNEY,Shopping,Discretionary,fallback,fallback:amazon au,-29.99,29.99,0.00,12455.00,2026-06,High confidence,8,"20 Jun 2026 AMAZON AU MARKETPLACE SYDNEY AUS -$29.99 $12,455.00 | Card xx6220 | Value Date: 17/06/2026"
2026-06-20,FLYING HAT SYDNEY AUS,Card xx0018 | Value Date: 18/06/2026,Flying Hat,Dining & Coffee,Discretionary,suggested,contains:FLYING HAT,-10.62,10.62,0.00,12444.38,2026-06,High confidence,8,"20 Jun 2026 FLYING HAT SYDNEY AUS -$10.62 $12,444.38 | Card xx0018 | Value Date: 18/06/2026"
2026-06-20,FOOD ONLINE KYNETON VI AUS,Card xx0018 | Value Date: 18/06/2026,FOOD ONLINE KYNETON,Dining & Coffee,Discretionary,fallback,fallback:food,-36.85,36.85,0.00,12407.53,2026-06,High confidence,8,"20 Jun 2026 FOOD ONLINE KYNETON VI AUS -$36.85 $12,407.53 | Card xx0018 | Value Date: 18/06/2026"
2026-06-20,HUNGRYPANDA AU PRAHRAN VI AUS,Card xx0018 | Value Date: 18/06/2026,HungryPanda,Dining & Coffee,Discretionary,confirmed,contains:HUNGRYPANDA,-16.76,16.76,0.00,12390.77,2026-06,High confidence,8,"20 Jun 2026 HUNGRYPANDA AU PRAHRAN VI AUS -$16.76 $12,390.77 | Card xx0018 | Value Date: 18/06/2026"
2026-06-20,SQ *LITTLE OAK Kurraba Point AU,,LITTLE OAK Kurraba Point,Other,Unknown,unmatched,,-4.88,4.88,0.00,12385.89,2026-06,High confidence,8,"20 Jun 2026 SQ *LITTLE OAK Kurraba Point AU -$4.88 $12,385.89"
2026-06-20,SQ *DOM CHAN WORLD Crows nest AU,,DOM CHAN WORLD Crows nest,Other,Unknown,unmatched,,-5.08,5.08,0.00,12380.81,2026-06,High confidence,8,"20 Jun 2026 SQ *DOM CHAN WORLD Crows nest AU -$5.08 $12,380.81"
2026-06-20,SQ *SINCERELY YOURS HO Artarmon AU,,SINCERELY YOURS HO Artarmon,Other,Unknown,unmatched,,-20.00,20.00,0.00,12360.81,2026-06,High confidence,8,"20 Jun 2026 SQ *SINCERELY YOURS HO Artarmon AU -$20.00 $12,360.81"
2026-06-20,SQ *HARUKI MORI PHOTOG Artarmon AU,,HARUKI MORI PHOTOG Artarmon,Other,Unknown,unmatched,,-9.65,9.65,0.00,12351.16,2026-06,High confidence,8,"20 Jun 2026 SQ *HARUKI MORI PHOTOG Artarmon AU -$9.65 $12,351.16"
2026-06-20,SQ *CINCIN BEVERAGES Artarmon AU,,CINCIN BEVERAGES Artarmon,Other,Unknown,unmatched,,-27.00,27.00,0.00,12324.16,2026-06,High confidence,8,"20 Jun 2026 SQ *CINCIN BEVERAGES Artarmon AU -$27.00 $12,324.16"
2026-06-20,COLES 0784 DEE WHY AU,,COLES 0784 DEE WHY,Groceries,Essential,fallback,fallback:coles ,-18.65,18.65,0.00,12305.51,2026-06,High confidence,8,"20 Jun 2026 COLES 0784 DEE WHY AU -$18.65 $12,305.51"
2026-06-21,SQ *SACREBLEU ! CANELE dee why AU,,SACREBLEU ! CANELE dee why,Dining & Coffee,Discretionary,fallback,fallback:canele,-27.72,27.72,0.00,12277.79,2026-06,High confidence,8,"21 Jun 2026 SQ *SACREBLEU ! CANELE dee why AU -$27.72 $12,277.79"
2026-06-21,IGA DEE WHY L0347 DEE WHY NSW AU,,IGA DEE WHY L0347 DEE WHY,Groceries,Essential,fallback,fallback:iga ,-4.49,4.49,0.00,12273.30,2026-06,High confidence,8,"21 Jun 2026 IGA DEE WHY L0347 DEE WHY NSW AU -$4.49 $12,273.30"
2026-06-21,THE REJECT SHOP A100 BROOKVALE AU,,THE REJECT SHOP A100 BROOKVALE,Shopping,Discretionary,fallback,fallback:reject shop,-3.00,3.00,0.00,12270.30,2026-06,High confidence,8,"21 Jun 2026 THE REJECT SHOP A100 BROOKVALE AU -$3.00 $12,270.30"
2026-06-22,SQ *SALUMERIE - SYDNEY Sydney AU,,SALUMERIE - SYDNEY Sydney,Dining & Coffee,Discretionary,fallback,fallback:salumerie,-4.57,4.57,0.00,12265.73,2026-06,High confidence,8,"22 Jun 2026 SQ *SALUMERIE - SYDNEY Sydney AU -$4.57 $12,265.73"
2026-06-22,SQ *TOASTIESMITH TGV Sydney AU,,TOASTIESMITH TGV Sydney,Other,Unknown,unmatched,,-9.64,9.64,0.00,12256.09,2026-06,High confidence,8,"22 Jun 2026 SQ *TOASTIESMITH TGV Sydney AU -$9.64 $12,256.09"
2026-06-22,TIYEB STORE PTY LTD SYDNEY NSWAU,,TIYEB STORE PTY LTD SYDNEY NSWAU,Groceries,Essential,fallback,fallback:tiyeb store,-4.03,4.03,0.00,12252.06,2026-06,High confidence,8,"22 Jun 2026 TIYEB STORE PTY LTD SYDNEY NSWAU -$4.03 $12,252.06"
2026-06-22,SMP*Hero Sushi Dee Why Dee Why02 AU,,Hero Sushi Dee Why Dee Why02,Dining & Coffee,Discretionary,fallback,fallback:sushi,-10.10,10.10,0.00,12241.96,2026-06,High confidence,8,"22 Jun 2026 SMP*Hero Sushi Dee Why Dee Why02 AU -$10.10 $12,241.96"
2026-06-23,TRANSPORTFORNSW OPAL CHIPPENDALE AUS,Card xx6220 | Value Date: 19/06/2026,Transport for NSW,Transport,Essential,confirmed,contains:TRANSPORTFORNSW,-60.00,60.00,0.00,12181.96,2026-06,High confidence,8,"23 Jun 2026 TRANSPORTFORNSW OPAL CHIPPENDALE AUS -$60.00 $12,181.96 | Card xx6220 | Value Date: 19/06/2026"
2026-06-23,COLES 0784 DEE WHY NS AUS,Card xx2810 | Value Date: 19/06/2026,COLES 0784 DEE WHY,Groceries,Essential,fallback,fallback:coles ,-49.20,49.20,0.00,12132.76,2026-06,High confidence,8,"23 Jun 2026 COLES 0784 DEE WHY NS AUS -$49.20 $12,132.76 | Card xx2810 | Value Date: 19/06/2026"
2026-06-23,SQ *WB PROJECT AUSTRAL Artarmon NS AUS,Card xx2810 | Value Date: 20/06/2026,WB PROJECT AUSTRAL Artarmon,Other,Unknown,unmatched,,-23.00,23.00,0.00,12109.76,2026-06,High confidence,8,"23 Jun 2026 SQ *WB PROJECT AUSTRAL Artarmon NS AUS -$23.00 $12,109.76 | Card xx2810 | Value Date: 20/06/2026"
2026-06-23,BITE* BBDEE WHY SANCROX NS AUS,Card xx2810 | Value Date: 20/06/2026,BITE* BBDEE WHY SANCROX,Dining & Coffee,Discretionary,fallback,fallback:bite*,-31.85,31.85,0.00,12077.91,2026-06,High confidence,8,"23 Jun 2026 BITE* BBDEE WHY SANCROX NS AUS -$31.85 $12,077.91 | Card xx2810 | Value Date: 20/06/2026"
2026-06-23,AIRBNB * HMWTP5ERFX 4158005959 AU AUS,Card xx0018 | Value Date: 21/06/2026,Airbnb,Travel,Irregular,confirmed,contains:AIRBNB,-1382.00,1382.00,0.00,10695.91,2026-06,High confidence,9,"23 Jun 2026 AIRBNB * HMWTP5ERFX 4158005959 AU AUS -$1,382.00 $10,695.91 | Card xx0018 | Value Date: 21/06/2026"
2026-06-23,LS Three Beans Warring Brookvale AU AUS,Card xx0018 | Value Date: 21/06/2026,Three Beans Warring Brookvale,Other,Unknown,unmatched,,-4.97,4.97,0.00,10690.94,2026-06,High confidence,9,"23 Jun 2026 LS Three Beans Warring Brookvale AU AUS -$4.97 $10,690.94 | Card xx0018 | Value Date: 21/06/2026"
2026-06-23,COLES 0784 DEE WHY NS AUS,Card xx0018 | Value Date: 21/06/2026,COLES 0784 DEE WHY,Groceries,Essential,fallback,fallback:coles ,-32.51,32.51,0.00,10658.43,2026-06,High confidence,9,"23 Jun 2026 COLES 0784 DEE WHY NS AUS -$32.51 $10,658.43 | Card xx0018 | Value Date: 21/06/2026"
2026-06-23,TRANSPORTFORNSW TAP SYDNEY AUS,Card xx0018 | Value Date: 20/06/2026,Transport for NSW,Transport,Essential,confirmed,contains:TRANSPORTFORNSW,-4.03,4.03,0.00,10654.40,2026-06,High confidence,9,"23 Jun 2026 TRANSPORTFORNSW TAP SYDNEY AUS -$4.03 $10,654.40 | Card xx0018 | Value Date: 20/06/2026"
2026-06-23,LS Kuertosh Crows Nest Crows Nest AU AUS,Card xx0018 | Value Date: 20/06/2026,Kuertosh Crows Nest Crows Nest,Other,Unknown,unmatched,,-18.71,18.71,0.00,10635.69,2026-06,High confidence,9,"23 Jun 2026 LS Kuertosh Crows Nest Crows Nest AU AUS -$18.71 $10,635.69 | Card xx0018 | Value Date: 20/06/2026"
2026-06-23,ALH VENUES 8733 CROWS NEST NS AUS,Card xx0018 | Value Date: 20/06/2026,ALH VENUES 8733 CROWS NEST,Other,Unknown,unmatched,,-36.20,36.20,0.00,10599.49,2026-06,High confidence,9,"23 Jun 2026 ALH VENUES 8733 CROWS NEST NS AUS -$36.20 $10,599.49 | Card xx0018 | Value Date: 20/06/2026"
2026-06-23,Krispy Kreme T2 T2 Domestic TAU,,Krispy Kreme,Dining & Coffee,Discretionary,confirmed,contains:KRISPY KREME,-10.95,10.95,0.00,10588.54,2026-06,High confidence,9,"23 Jun 2026 Krispy Kreme T2 T2 Domestic TAU -$10.95 $10,588.54"
2026-06-23,SMP*Hero Sushi Dee Why Dee Why02 AU,,Hero Sushi Dee Why Dee Why02,Dining & Coffee,Discretionary,fallback,fallback:sushi,-7.58,7.58,0.00,10580.96,2026-06,High confidence,9,"23 Jun 2026 SMP*Hero Sushi Dee Why Dee Why02 AU -$7.58 $10,580.96"
2026-06-23,COLES 0784 DEE WHY AU,,COLES 0784 DEE WHY,Groceries,Essential,fallback,fallback:coles ,-18.39,18.39,0.00,10562.57,2026-06,High confidence,9,"23 Jun 2026 COLES 0784 DEE WHY AU -$18.39 $10,562.57"
2026-06-24,DEE WHY LIBRARY DEE WHY AUS,Card xx2810 | Value Date: 22/06/2026,Dee Why Library,Government & Admin,Irregular,suggested,contains:DEE WHY LIBRARY,-0.90,0.90,0.00,10561.67,2026-06,High confidence,9,"24 Jun 2026 DEE WHY LIBRARY DEE WHY AUS -$0.90 $10,561.67 | Card xx2810 | Value Date: 22/06/2026"
2026-06-24,WEI AND HONG PTY LTD DEE WHY AU AUS,Card xx2810 | Value Date: 22/06/2026,WEI AND HONG PTY LTD DEE WHY,Other,Unknown,unmatched,,-5.08,5.08,0.00,10556.59,2026-06,High confidence,9,"24 Jun 2026 WEI AND HONG PTY LTD DEE WHY AU AUS -$5.08 $10,556.59 | Card xx2810 | Value Date: 22/06/2026"
2026-06-24,SMT SSR PTY LTD BROOKVALE AUS,Card xx0018 | Value Date: 21/06/2026,SMT SSR PTY LTD BROOKVALE,Other,Unknown,unmatched,,-45.45,45.45,0.00,10511.14,2026-06,High confidence,9,"24 Jun 2026 SMT SSR PTY LTD BROOKVALE AUS -$45.45 $10,511.14 | Card xx0018 | Value Date: 21/06/2026"
2026-06-24,SUSHI HON SYDNEY NS AUS,Card xx0018 | Value Date: 22/06/2026,SUSHI HON SYDNEY,Dining & Coffee,Discretionary,fallback,fallback:sushi,-10.22,10.22,0.00,10500.92,2026-06,High confidence,9,"24 Jun 2026 SUSHI HON SYDNEY NS AUS -$10.22 $10,500.92 | Card xx0018 | Value Date: 22/06/2026"
2026-06-24,CHEMIST WAREHOUSE DEE WHY NS AUS,Card xx0018 | Value Date: 21/06/2026,CHEMIST WAREHOUSE DEE WHY,Health & Pharmacy,Essential,fallback,fallback:chemist warehouse,-10.47,10.47,0.00,10490.45,2026-06,High confidence,9,"24 Jun 2026 CHEMIST WAREHOUSE DEE WHY NS AUS -$10.47 $10,490.45 | Card xx0018 | Value Date: 21/06/2026"
2026-06-24,Guzman Y Gomez Franch Surry Hills NS AUS,Card xx0018 | Value Date: 22/06/2026,Guzman Y Gomez Franch Surry Hills,Dining & Coffee,Discretionary,fallback,fallback:guzman,-16.90,16.90,0.00,10473.55,2026-06,High confidence,9,"24 Jun 2026 Guzman Y Gomez Franch Surry Hills NS AUS -$16.90 $10,473.55 | Card xx0018 | Value Date: 22/06/2026"
2026-06-24,On Sportswear Melbourne AU AUS,Card xx0018 | Value Date: 21/06/2026,On,Shopping,Discretionary,confirmed,contains:ON SPORTSWEAR,-150.00,150.00,0.00,10323.55,2026-06,High confidence,9,"24 Jun 2026 On Sportswear Melbourne AU AUS -$150.00 $10,323.55 | Card xx0018 | Value Date: 21/06/2026"
2026-06-24,SQ *UMEE CAFE Melbourne AU,,UMEE CAFE Melbourne,Dining & Coffee,Discretionary,fallback,fallback:cafe,-9.14,9.14,0.00,10314.41,2026-06,High confidence,9,"24 Jun 2026 SQ *UMEE CAFE Melbourne AU -$9.14 $10,314.41"
2026-06-24,SQ *TWIST ESPRESSO & W Dee Why AU,,TWIST ESPRESSO & W Dee Why,Dining & Coffee,Discretionary,fallback,fallback:espresso,-21.27,21.27,0.00,10293.14,2026-06,High confidence,9,"24 Jun 2026 SQ *TWIST ESPRESSO & W Dee Why AU -$21.27 $10,293.14"
2026-06-24,SQ *ROYAL COPENHAGEN D Dee Why AU,,ROYAL COPENHAGEN D Dee Why,Dining & Coffee,Discretionary,fallback,fallback:royal copenhagen,-5.08,5.08,0.00,10288.06,2026-06,High confidence,10,"24 Jun 2026 SQ *ROYAL COPENHAGEN D Dee Why AU -$5.08 $10,288.06"
2026-06-24,The Hardware Societe Melbourne AU,,The Hardware Societe Melbourne,Other,Unknown,unmatched,,-19.06,19.06,0.00,10269.00,2026-06,High confidence,10,"24 Jun 2026 The Hardware Societe Melbourne AU -$19.06 $10,269.00"
2026-06-24,DD *DOORDASH FLINDERSK,,DoorDash,Dining & Coffee,Discretionary,confirmed,contains:DOORDASH,-11.24,11.24,0.00,10257.76,2026-06,High confidence,10,"24 Jun 2026 DD *DOORDASH FLINDERSK -$11.24 $10,257.76"
2026-06-24,SP MIJ AUS MIJ.COM.AU Mornington AU,,MIJ MIJ.COM. Mornington,Shopping,Discretionary,fallback,fallback:sp mij aus,-48.00,48.00,0.00,10209.76,2026-06,High confidence,10,"24 Jun 2026 SP MIJ AUS MIJ.COM.AU Mornington AU -$48.00 $10,209.76"
2026-06-24,ZLR*Tanghulu melbourne AU,,Tanghulu melbourne,Other,Unknown,unmatched,,-8.67,8.67,0.00,10201.09,2026-06,High confidence,10,"24 Jun 2026 ZLR*Tanghulu melbourne AU -$8.67 $10,201.09"
2026-06-24,Direct Debit 507156 MBAUDPayments,AMBITIONS_Um4CU79d,Direct Debit 507156 MBAUDPayments,Fitness & Memberships,Discretionary,fallback,fallback:mbaudpayments,-68.00,68.00,0.00,10133.09,2026-06,High confidence,10,"24 Jun 2026 Direct Debit 507156 MBAUDPayments -$68.00 $10,133.09 | AMBITIONS_Um4CU79d"
2026-06-25,Google Claude by Anth Barangaroo AU AUS,Card xx2810 | Value Date: 23/06/2026,Claude,Subscriptions & Donations,Discretionary,suggested,contains:GOOGLE CLAUDE BY ANTH,-33.99,33.99,0.00,10099.10,2026-06,High confidence,10,"25 Jun 2026 Google Claude by Anth Barangaroo AU AUS -$33.99 $10,099.10 | Card xx2810 | Value Date: 23/06/2026"
2026-06-25,AMAZON AU MARKETPLACE SYDNEY AUS,Card xx6220 | Value Date: 22/06/2026,AMAZON MARKETPLACE SYDNEY,Shopping,Discretionary,fallback,fallback:amazon au,-15.99,15.99,0.00,10083.11,2026-06,High confidence,10,"25 Jun 2026 AMAZON AU MARKETPLACE SYDNEY AUS -$15.99 $10,083.11 | Card xx6220 | Value Date: 22/06/2026"
2026-06-25,UBER *TRIP HELP.UBER.C Sydney AU AUS,Card xx0018 | Value Date: 23/06/2026,UBER *TRIP HELP.UBER.C Sydney,Transport,Essential,fallback,fallback:uber *trip,-77.83,77.83,0.00,10005.28,2026-06,High confidence,10,"25 Jun 2026 UBER *TRIP HELP.UBER.C Sydney AU AUS -$77.83 $10,005.28 | Card xx0018 | Value Date: 23/06/2026"
2026-06-25,UBER *TRIP HELP.UBER.C Sydney AU AUS,Card xx0018 | Value Date: 23/06/2026,UBER *TRIP HELP.UBER.C Sydney,Transport,Essential,fallback,fallback:uber *trip,-5.00,5.00,0.00,10000.28,2026-06,High confidence,10,"25 Jun 2026 UBER *TRIP HELP.UBER.C Sydney AU AUS -$5.00 $10,000.28 | Card xx0018 | Value Date: 23/06/2026"
2026-06-25,UBER *TRIP HELP.UBER.C Sydney AU AUS,Card xx0018 | Value Date: 23/06/2026,UBER *TRIP HELP.UBER.C Sydney,Transport,Essential,fallback,fallback:uber *trip,-62.35,62.35,0.00,9937.93,2026-06,High confidence,10,"25 Jun 2026 UBER *TRIP HELP.UBER.C Sydney AU AUS -$62.35 $9,937.93 | Card xx0018 | Value Date: 23/06/2026"
2026-06-25,DD *DOORDASH FATBOYSPH MELBOURNE VI AUS,Card xx0018 | Value Date: 23/06/2026,DoorDash,Dining & Coffee,Discretionary,confirmed,contains:DOORDASH,-23.90,23.90,0.00,9914.03,2026-06,High confidence,10,"25 Jun 2026 DD *DOORDASH FATBOYSPH MELBOURNE VI AUS -$23.90 $9,914.03 | Card xx0018 | Value Date: 23/06/2026"
2026-06-25,7-ELEVEN 1213 MELBOURNE VI AUS,Card xx0018 | Value Date: 23/06/2026,7-ELEVEN 1213 MELBOURNE,Other,Unknown,unmatched,,-7.10,7.10,0.00,9906.93,2026-06,High confidence,10,"25 Jun 2026 7-ELEVEN 1213 MELBOURNE VI AUS -$7.10 $9,906.93 | Card xx0018 | Value Date: 23/06/2026"
2026-06-25,UBER *EATS HELP.UBER.C Sydney AU AUS,Card xx0018 | Value Date: 23/06/2026,Uber Eats,Dining & Coffee,Discretionary,confirmed,contains:UBER *EATS,-38.65,38.65,0.00,9868.28,2026-06,High confidence,10,"25 Jun 2026 UBER *EATS HELP.UBER.C Sydney AU AUS -$38.65 $9,868.28 | Card xx0018 | Value Date: 23/06/2026"
2026-06-25,Meriton Suites Melbour Melbourne AU AUS,Card xx0018 | Value Date: 23/06/2026,Meriton Suites Melbour Melbourne,Travel,Irregular,fallback,fallback:meriton suites,-478.18,478.18,0.00,9390.10,2026-06,High confidence,10,"25 Jun 2026 Meriton Suites Melbour Melbourne AU AUS -$478.18 $9,390.10 | Card xx0018 | Value Date: 23/06/2026"
2026-06-25,SQ *UMEE CAFE Melbourne AU,,UMEE CAFE Melbourne,Dining & Coffee,Discretionary,fallback,fallback:cafe,-18.80,18.80,0.00,9371.30,2026-06,High confidence,10,"25 Jun 2026 SQ *UMEE CAFE Melbourne AU -$18.80 $9,371.30"
2026-06-25,SMP*Hero Sushi Dee Why Dee Why02 AU,,Hero Sushi Dee Why Dee Why02,Dining & Coffee,Discretionary,fallback,fallback:sushi,-15.35,15.35,0.00,9355.95,2026-06,High confidence,10,"25 Jun 2026 SMP*Hero Sushi Dee Why Dee Why02 AU -$15.35 $9,355.95"
2026-06-25,SQ *UMEE CAFE Melbourne AU,,UMEE CAFE Melbourne,Dining & Coffee,Discretionary,fallback,fallback:cafe,-9.14,9.14,0.00,9346.81,2026-06,High confidence,10,"25 Jun 2026 SQ *UMEE CAFE Melbourne AU -$9.14 $9,346.81"
2026-06-25,Boost Melb Airport T4 Tullamarine AU,,Boost Melb Airport T4 Tullamarine,Other,Unknown,unmatched,,-11.38,11.38,0.00,9335.43,2026-06,High confidence,10,"25 Jun 2026 Boost Melb Airport T4 Tullamarine AU -$11.38 $9,335.43"
2026-06-25,13CABS 132227 ALEXANDRIA AU,,13cabs,Transport,Essential,confirmed,contains:13CABS,-122.80,122.80,0.00,9212.63,2026-06,High confidence,10,"25 Jun 2026 13CABS 132227 ALEXANDRIA AU -$122.80 $9,212.63"
2026-06-25,Direct Debit 518073 Crunch Fitness -,EZYPAYID_100717790,Direct Debit 518073 Crunch Fitness,Fitness & Memberships,Discretionary,fallback,fallback:crunch fitness,-30.90,30.90,0.00,9181.73,2026-06,High confidence,10,"25 Jun 2026 Direct Debit 518073 Crunch Fitness - -$30.90 $9,181.73 | EZYPAYID_100717790"
2026-06-25,Direct Debit 518073 Crunch Fitness -,EZYPAYID_100717413,Direct Debit 518073 Crunch Fitness,Fitness & Memberships,Discretionary,fallback,fallback:crunch fitness,-22.90,22.90,0.00,9158.83,2026-06,High confidence,11,"25 Jun 2026 Direct Debit 518073 Crunch Fitness - -$22.90 $9,158.83 | EZYPAYID_100717413"
2026-06-26,AMAZON AU MARKETPLACE SYDNEY AUS,Card xx6220 | Value Date: 23/06/2026,AMAZON MARKETPLACE SYDNEY,Shopping,Discretionary,fallback,fallback:amazon au,-34.05,34.05,0.00,9124.78,2026-06,High confidence,11,"26 Jun 2026 AMAZON AU MARKETPLACE SYDNEY AUS -$34.05 $9,124.78 | Card xx6220 | Value Date: 23/06/2026"
2026-06-26,Relay Mascot NS AUS,Card xx0018 | Value Date: 23/06/2026,Relay Mascot,Other,Unknown,unmatched,,-6.58,6.58,0.00,9118.20,2026-06,High confidence,11,"26 Jun 2026 Relay Mascot NS AUS -$6.58 $9,118.20 | Card xx0018 | Value Date: 23/06/2026"
2026-06-26,QUEEN AND BOURKE PHARM MELBOURNE VI AUS,Card xx0018 | Value Date: 23/06/2026,Queen & Bourke Pharmacy,Health & Pharmacy,Essential,confirmed,contains:QUEEN AND BOURKE PHARM,-33.69,33.69,0.00,9084.51,2026-06,High confidence,11,"26 Jun 2026 QUEEN AND BOURKE PHARM MELBOURNE VI AUS -$33.69 $9,084.51 | Card xx0018 | Value Date: 23/06/2026"
2026-06-26,7-ELEVEN 1147 MELBOURNE VI AUS,Card xx0018 | Value Date: 24/06/2026,7-ELEVEN 1147 MELBOURNE,Other,Unknown,unmatched,,-3.40,3.40,0.00,9081.11,2026-06,High confidence,11,"26 Jun 2026 7-ELEVEN 1147 MELBOURNE VI AUS -$3.40 $9,081.11 | Card xx0018 | Value Date: 24/06/2026"
2026-06-26,UBER *TRIP HELP.UBER.C Sydney AU AUS,Card xx0018 | Value Date: 24/06/2026,UBER *TRIP HELP.UBER.C Sydney,Transport,Essential,fallback,fallback:uber *trip,-12.82,12.82,0.00,9068.29,2026-06,High confidence,11,"26 Jun 2026 UBER *TRIP HELP.UBER.C Sydney AU AUS -$12.82 $9,068.29 | Card xx0018 | Value Date: 24/06/2026"
2026-06-26,UBER *EATS HELP.UBER.C Sydney AU AUS,Card xx0018 | Value Date: 24/06/2026,Uber Eats,Dining & Coffee,Discretionary,confirmed,contains:UBER *EATS,-48.13,48.13,0.00,9020.16,2026-06,High confidence,11,"26 Jun 2026 UBER *EATS HELP.UBER.C Sydney AU AUS -$48.13 $9,020.16 | Card xx0018 | Value Date: 24/06/2026"
2026-06-26,SQ *KAHII Sydney AU,,Kahii,Dining & Coffee,Discretionary,suggested,contains:KAHII,-7.10,7.10,0.00,9013.06,2026-06,High confidence,11,"26 Jun 2026 SQ *KAHII Sydney AU -$7.10 $9,013.06"
2026-06-26,SQ *WINGMILL Dee Why AU,,WINGMILL Dee Why,Dining & Coffee,Discretionary,fallback,fallback:wingmill,-55.00,55.00,0.00,8958.06,2026-06,High confidence,11,"26 Jun 2026 SQ *WINGMILL Dee Why AU -$55.00 $8,958.06"
2026-06-27,THE UNI OF SYDNEY THE UNIVERSIT NS AUS,Card xx2810 | Value Date: 25/06/2026,University of Sydney,Education & Professional,Work/Admin,confirmed,contains:THE UNI OF SYDNEY,-150.45,150.45,0.00,8807.61,2026-06,High confidence,11,"27 Jun 2026 THE UNI OF SYDNEY THE UNIVERSIT NS AUS -$150.45 $8,807.61 | Card xx2810 | Value Date: 25/06/2026"
2026-06-27,COLES 0784 DEE WHY NS AUS,Card xx2810 | Value Date: 25/06/2026,COLES 0784 DEE WHY,Groceries,Essential,fallback,fallback:coles ,-35.60,35.60,0.00,8772.01,2026-06,High confidence,11,"27 Jun 2026 COLES 0784 DEE WHY NS AUS -$35.60 $8,772.01 | Card xx2810 | Value Date: 25/06/2026"
2026-06-27,UBER *TRIP HELP.UBER.C Sydney AU AUS,Card xx0018 | Value Date: 25/06/2026,UBER *TRIP HELP.UBER.C Sydney,Transport,Essential,fallback,fallback:uber *trip,-5.00,5.00,0.00,8767.01,2026-06,High confidence,11,"27 Jun 2026 UBER *TRIP HELP.UBER.C Sydney AU AUS -$5.00 $8,767.01 | Card xx0018 | Value Date: 25/06/2026"
2026-06-27,Guzman Y Gomez Franch Surry Hills NS AUS,Card xx0018 | Value Date: 25/06/2026,Guzman Y Gomez Franch Surry Hills,Dining & Coffee,Discretionary,fallback,fallback:guzman,-11.20,11.20,0.00,8755.81,2026-06,High confidence,11,"27 Jun 2026 Guzman Y Gomez Franch Surry Hills NS AUS -$11.20 $8,755.81 | Card xx0018 | Value Date: 25/06/2026"
2026-06-27,UBER *TRIP HELP.UBER.C Sydney AU AUS,Card xx0018 | Value Date: 25/06/2026,UBER *TRIP HELP.UBER.C Sydney,Transport,Essential,fallback,fallback:uber *trip,-51.76,51.76,0.00,8704.05,2026-06,High confidence,11,"27 Jun 2026 UBER *TRIP HELP.UBER.C Sydney AU AUS -$51.76 $8,704.05 | Card xx0018 | Value Date: 25/06/2026"
2026-06-27,SQ *SACREBLEU ! CANELE dee why AU,,SACREBLEU ! CANELE dee why,Dining & Coffee,Discretionary,fallback,fallback:canele,-8.93,8.93,0.00,8695.12,2026-06,High confidence,11,"27 Jun 2026 SQ *SACREBLEU ! CANELE dee why AU -$8.93 $8,695.12"
2026-06-27,SQ *WHEELER HEIGHTS BA WEST PYMBLE AU,,WHEELER HEIGHTS BA WEST PYMBLE,Other,Unknown,unmatched,,-10.14,10.14,0.00,8684.98,2026-06,High confidence,11,"27 Jun 2026 SQ *WHEELER HEIGHTS BA WEST PYMBLE AU -$10.14 $8,684.98"
2026-06-27,LIQUORLAND 3626 DEE WHY AU,,LIQUORLAND 3626 DEE WHY,Dining & Coffee,Discretionary,fallback,fallback:liquor,-20.00,20.00,0.00,8664.98,2026-06,High confidence,11,"27 Jun 2026 LIQUORLAND 3626 DEE WHY AU -$20.00 $8,664.98"
2026-06-27,COLES 0784 DEE WHY AU,,COLES 0784 DEE WHY,Groceries,Essential,fallback,fallback:coles ,-2.60,2.60,0.00,8662.38,2026-06,High confidence,11,"27 Jun 2026 COLES 0784 DEE WHY AU -$2.60 $8,662.38"
2026-06-27,COLES 0784 DEE WHY AU,,COLES 0784 DEE WHY,Groceries,Essential,fallback,fallback:coles ,-3.50,3.50,0.00,8658.88,2026-06,High confidence,11,"27 Jun 2026 COLES 0784 DEE WHY AU -$3.50 $8,658.88"
2026-06-28,SQ *SACREBLEU ! CANELE dee why AU,,SACREBLEU ! CANELE dee why,Dining & Coffee,Discretionary,fallback,fallback:canele,-23.15,23.15,0.00,8635.73,2026-06,High confidence,11,"28 Jun 2026 SQ *SACREBLEU ! CANELE dee why AU -$23.15 $8,635.73"
2026-06-28,SQ *DY LOCAL Dee Why AU,,DY LOCAL Dee Why,Other,Unknown,unmatched,,-8.67,8.67,0.00,8627.06,2026-06,High confidence,12,"28 Jun 2026 SQ *DY LOCAL Dee Why AU -$8.67 $8,627.06"
2026-06-28,IGA DEE WHY L0347 DEE WHY NSW AU,,IGA DEE WHY L0347 DEE WHY,Groceries,Essential,fallback,fallback:iga ,-4.49,4.49,0.00,8622.57,2026-06,High confidence,12,"28 Jun 2026 IGA DEE WHY L0347 DEE WHY NSW AU -$4.49 $8,622.57"
2026-06-29,SQ *CLARENCE ST COMMON Sydney AU,,CLARENCE ST COMMON Sydney,Other,Unknown,unmatched,,-5.50,5.50,0.00,8617.07,2026-06,High confidence,12,"29 Jun 2026 SQ *CLARENCE ST COMMON Sydney AU -$5.50 $8,617.07"
2026-06-29,MUJI RETAIL (AUSTRAL SYDNEY AU,,MUJI RETAIL (AUSTRAL SYDNEY,Shopping,Discretionary,fallback,fallback:muji retail,-28.80,28.80,0.00,8588.27,2026-06,High confidence,12,"29 Jun 2026 MUJI RETAIL (AUSTRAL SYDNEY AU -$28.80 $8,588.27"
2026-06-29,Direct Credit 158824 AMAZON COMML SEV,PDY003911149872,Direct Credit 158824 AMAZON COMML SEV,Income - Recurring Direct Credit,Income,system,,10213.18,0.00,10213.18,18801.45,2026-06,High confidence,12,"29 Jun 2026 Direct Credit 158824 AMAZON COMML SEV $10,213.18 $18,801.45 | PDY003911149872"
2026-06-30,BITE* BBDEE WHY SANCROX NS AUS,Card xx2810 | Value Date: 28/06/2026,BITE* BBDEE WHY SANCROX,Dining & Coffee,Discretionary,fallback,fallback:bite*,-27.78,27.78,0.00,18773.67,2026-06,High confidence,12,"30 Jun 2026 BITE* BBDEE WHY SANCROX NS AUS -$27.78 $18,773.67 | Card xx2810 | Value Date: 28/06/2026"
2026-06-30,Silvios Cafe Cucina Wheeler Heigh AU AUS,Card xx2810 | Value Date: 27/06/2026,Silvios Cafe Cucina Wheeler Heigh,Dining & Coffee,Discretionary,fallback,fallback:cafe,-30.20,30.20,0.00,18743.47,2026-06,High confidence,12,"30 Jun 2026 Silvios Cafe Cucina Wheeler Heigh AU AUS -$30.20 $18,743.47 | Card xx2810 | Value Date: 27/06/2026"
2026-06-30,COLES 0784 DEE WHY NS AUS,Card xx2810 | Value Date: 27/06/2026,COLES 0784 DEE WHY,Groceries,Essential,fallback,fallback:coles ,-91.71,91.71,0.00,18651.76,2026-06,High confidence,12,"30 Jun 2026 COLES 0784 DEE WHY NS AUS -$91.71 $18,651.76 | Card xx2810 | Value Date: 27/06/2026"
2026-06-30,LIQUORLAND 3626 DEE WHY NS AUS,Card xx2810 | Value Date: 27/06/2026,LIQUORLAND 3626 DEE WHY,Dining & Coffee,Discretionary,fallback,fallback:liquor,-60.00,60.00,0.00,18591.76,2026-06,High confidence,12,"30 Jun 2026 LIQUORLAND 3626 DEE WHY NS AUS -$60.00 $18,591.76 | Card xx2810 | Value Date: 27/06/2026"
2026-06-30,WOOLWORTHS 1472 DEE WHY NS AUS,Card xx0018 | Value Date: 28/06/2026,WOOLWORTHS 1472 DEE WHY,Groceries,Essential,fallback,fallback:woolworths,-33.40,33.40,0.00,18558.36,2026-06,High confidence,12,"30 Jun 2026 WOOLWORTHS 1472 DEE WHY NS AUS -$33.40 $18,558.36 | Card xx0018 | Value Date: 28/06/2026"
2026-06-30,TELLO MOBILE ATLANTA GA USA,Card xx0018 USD 11.80 | Value Date: 26/06/2026,TELLO MOBILE ATLANTA GA,Utilities & Phone,Essential,fallback,fallback:tello mobile,-17.15,17.15,0.00,18541.21,2026-06,High confidence,12,"30 Jun 2026 TELLO MOBILE ATLANTA GA USA -$17.15 $18,541.21 | Card xx0018 USD 11.80 | Value Date: 26/06/2026"
2026-06-30,International Transaction Fee,Value Date: 26/06/2026,International Transaction Fee,Bank Fees,Essential,fallback,fallback:international transaction fee,-0.60,0.60,0.00,18540.61,2026-06,High confidence,12,"30 Jun 2026 International Transaction Fee -$0.60 $18,540.61 | Value Date: 26/06/2026"
2026-06-30,EJ FAMILY TRUST SYDNEY NS AUS,Card xx0018 | Value Date: 26/06/2026,EJ FAMILY TRUST SYDNEY,Other,Unknown,unmatched,,-8.09,8.09,0.00,18532.52,2026-06,High confidence,12,"30 Jun 2026 EJ FAMILY TRUST SYDNEY NS AUS -$8.09 $18,532.52 | Card xx0018 | Value Date: 26/06/2026"
2026-06-30,UBER *TRIP HELP.UBER.C Sydney AU AUS,Card xx0018 | Value Date: 26/06/2026,UBER *TRIP HELP.UBER.C Sydney,Transport,Essential,fallback,fallback:uber *trip,-5.00,5.00,0.00,18527.52,2026-06,High confidence,12,"30 Jun 2026 UBER *TRIP HELP.UBER.C Sydney AU AUS -$5.00 $18,527.52 | Card xx0018 | Value Date: 26/06/2026"
2026-06-30,SQ *MEISTERSTUCK Sydney AU,,MEISTERSTUCK Sydney,Other,Unknown,unmatched,,-9.00,9.00,0.00,18518.52,2026-06,High confidence,12,"30 Jun 2026 SQ *MEISTERSTUCK Sydney AU -$9.00 $18,518.52"
2026-06-30,SQ *MEISTERSTUCK Sydney AU,,MEISTERSTUCK Sydney,Other,Unknown,unmatched,,-5.50,5.50,0.00,18513.02,2026-06,High confidence,12,"30 Jun 2026 SQ *MEISTERSTUCK Sydney AU -$5.50 $18,513.02"
2026-06-30,Direct Credit 158824 AMAZON COMMERCIA,FCS003917842252,Direct Credit 158824 AMAZON COMMERCIA,Income - Recurring Direct Credit,Income,system,,957.03,0.00,957.03,19470.05,2026-06,High confidence,12,"30 Jun 2026 Direct Credit 158824 AMAZON COMMERCIA $957.03 $19,470.05 | FCS003917842252"
2026-06-30,PhenThai SYDNEY AU,,PhenThai SYDNEY,Dining & Coffee,Discretionary,fallback,fallback:phenthai,-4.06,4.06,0.00,19465.99,2026-06,High confidence,12,"30 Jun 2026 PhenThai SYDNEY AU -$4.06 $19,465.99"
2026-06-30,SMP*Hero Sushi Dee Why Dee Why02 AU,,Hero Sushi Dee Why Dee Why02,Dining & Coffee,Discretionary,fallback,fallback:sushi,-10.10,10.10,0.00,19455.89,2026-06,High confidence,12,"30 Jun 2026 SMP*Hero Sushi Dee Why Dee Why02 AU -$10.10 $19,455.89"
2026-07-01,NEXGEN PHARMA CASTLE HILL NS AUS,Card xx6220 | Value Date: 29/06/2026,NEXGEN PHARMA CASTLE HILL,Health & Pharmacy,Essential,fallback,fallback:nexgen pharma,-160.00,160.00,0.00,19295.89,2026-07,High confidence,12,"01 Jul 2026 NEXGEN PHARMA CASTLE HILL NS AUS -$160.00 $19,295.89 | Card xx6220 | Value Date: 29/06/2026"
2026-07-01,SUSHI HON SYDNEY NS AUS,Card xx0018 | Value Date: 29/06/2026,SUSHI HON SYDNEY,Dining & Coffee,Discretionary,fallback,fallback:sushi,-9.61,9.61,0.00,19286.28,2026-07,High confidence,13,"01 Jul 2026 SUSHI HON SYDNEY NS AUS -$9.61 $19,286.28 | Card xx0018 | Value Date: 29/06/2026"
2026-07-01,Industry Beans YorkSt Sydney NS AUS,Card xx0018 | Value Date: 29/06/2026,Industry Beans YorkSt Sydney,Other,Unknown,unmatched,,-7.10,7.10,0.00,19279.18,2026-07,High confidence,13,"01 Jul 2026 Industry Beans YorkSt Sydney NS AUS -$7.10 $19,279.18 | Card xx0018 | Value Date: 29/06/2026"
2026-07-01,Guzman Y Gomez Franch Surry Hills NS AUS,Card xx0018 | Value Date: 29/06/2026,Guzman Y Gomez Franch Surry Hills,Dining & Coffee,Discretionary,fallback,fallback:guzman,-16.90,16.90,0.00,19262.28,2026-07,High confidence,13,"01 Jul 2026 Guzman Y Gomez Franch Surry Hills NS AUS -$16.90 $19,262.28 | Card xx0018 | Value Date: 29/06/2026"
2026-07-01,SQ *KAHII Sydney AU,,Kahii,Dining & Coffee,Discretionary,suggested,contains:KAHII,-7.10,7.10,0.00,19255.18,2026-07,High confidence,13,"01 Jul 2026 SQ *KAHII Sydney AU -$7.10 $19,255.18"
2026-07-01,ZLR*Menya City Sydney AU,,Menya City Sydney,Other,Unknown,unmatched,,-22.21,22.21,0.00,19232.97,2026-07,High confidence,13,"01 Jul 2026 ZLR*Menya City Sydney AU -$22.21 $19,232.97"
2026-07-01,SQ *WINGMILL Dee Why AU,,WINGMILL Dee Why,Dining & Coffee,Discretionary,fallback,fallback:wingmill,-47.00,47.00,0.00,19185.97,2026-07,High confidence,13,"01 Jul 2026 SQ *WINGMILL Dee Why AU -$47.00 $19,185.97"
2026-07-01,Direct Debit 507156 MBAUDPayments AMBITIONS_UngmsoxZ,,Direct Debit 507156 MBAUDPayments AMBITIONS_UngmsoxZ,Fitness & Memberships,Discretionary,fallback,fallback:mbaudpayments,-68.00,68.00,0.00,19117.97,2026-07,High confidence,13,"01 Jul 2026 Direct Debit 507156 MBAUDPayments -$68.00 $19,117.97 | AMBITIONS_UngmsoxZ"
2026-07-01,Direct Debit 012495 GU HEALTH D/DBT,29497443,Direct Debit 012495 GU HEALTH D/DBT,Health & Pharmacy,Essential,fallback,fallback:gu health d/dbt,-139.08,139.08,0.00,18978.89,2026-07,High confidence,13,"01 Jul 2026 Direct Debit 012495 GU HEALTH D/DBT -$139.08 $18,978.89 | 29497443"
2026-07-02,CloudHausCafe Sydney AU AUS,Card xx0018 | Value Date: 30/06/2026,CloudHausCafe Sydney,Dining & Coffee,Discretionary,fallback,fallback:cafe,-7.62,7.62,0.00,18971.27,2026-07,High confidence,13,"02 Jul 2026 CloudHausCafe Sydney AU AUS -$7.62 $18,971.27 | Card xx0018 | Value Date: 30/06/2026"
2026-07-02,COLES 0784 DEE WHY NS AUS,Card xx0018 | Value Date: 30/06/2026,COLES 0784 DEE WHY,Groceries,Essential,fallback,fallback:coles ,-41.60,41.60,0.00,18929.67,2026-07,High confidence,13,"02 Jul 2026 COLES 0784 DEE WHY NS AUS -$41.60 $18,929.67 | Card xx0018 | Value Date: 30/06/2026"
2026-07-02,DEFT REAL ESTATE NetBank BPAY 4481 0053436473 Rent may 9 to 23,,DEFT REAL ESTATE NetBank BPAY 4481 Rent may 9 to 23,Housing - Rent,Essential,fallback,fallback:deft real estate,-1720.00,1720.00,0.00,17209.67,2026-07,High confidence,13,"02 Jul 2026 DEFT REAL ESTATE NetBank BPAY 4481 -$1,720.00 $17,209.67 | 0053436473 Rent may 9 to 23"
2026-07-02,SQ *PANINO PARADISO Sydney AU,,PANINO PARADISO Sydney,Dining & Coffee,Discretionary,fallback,fallback:panino paradiso,-5.10,5.10,0.00,17204.57,2026-07,High confidence,13,"02 Jul 2026 SQ *PANINO PARADISO Sydney AU -$5.10 $17,204.57"
2026-07-02,SQ *PANINO PARADISO Sydney AU,,PANINO PARADISO Sydney,Dining & Coffee,Discretionary,fallback,fallback:panino paradiso,-6.11,6.11,0.00,17198.46,2026-07,High confidence,13,"02 Jul 2026 SQ *PANINO PARADISO Sydney AU -$6.11 $17,198.46"
2026-07-02,SQ *CHINATOWN COUNTRY Sydney AU,,CHINATOWN COUNTRY Sydney,Dining & Coffee,Discretionary,fallback,fallback:chinatown country,-8.00,8.00,0.00,17190.46,2026-07,High confidence,13,"02 Jul 2026 SQ *CHINATOWN COUNTRY Sydney AU -$8.00 $17,190.46"
2026-07-02,SUSHI N PLUS PTY LTD SYDNEY NSW AU,,SUSHI N PLUS PTY LTD SYDNEY,Dining & Coffee,Discretionary,fallback,fallback:sushi,-10.12,10.12,0.00,17180.34,2026-07,High confidence,13,"02 Jul 2026 SUSHI N PLUS PTY LTD SYDNEY NSW AU -$10.12 $17,180.34"
2026-07-03,Chargrill Dee Why Dee Why NS AUS,Card xx2810 | Value Date: 01/07/2026,Chargrill Dee Why Dee Why,Dining & Coffee,Discretionary,fallback,fallback:grill,-15.73,15.73,0.00,17164.61,2026-07,High confidence,13,"03 Jul 2026 Chargrill Dee Why Dee Why NS AUS -$15.73 $17,164.61 | Card xx2810 | Value Date: 01/07/2026"
2026-07-03,COLES 0784 DEE WHY NS AUS,Card xx2810 | Value Date: 01/07/2026,COLES 0784 DEE WHY,Groceries,Essential,fallback,fallback:coles ,-68.25,68.25,0.00,17096.36,2026-07,High confidence,13,"03 Jul 2026 COLES 0784 DEE WHY NS AUS -$68.25 $17,096.36 | Card xx2810 | Value Date: 01/07/2026"
2026-07-03,SUSHI HUB TOWN HALL SYDNEY NS AUS,Card xx0018 | Value Date: 30/06/2026,SUSHI HUB TOWN HALL SYDNEY,Dining & Coffee,Discretionary,fallback,fallback:sushi,-9.70,9.70,0.00,17086.66,2026-07,High confidence,13,"03 Jul 2026 SUSHI HUB TOWN HALL SYDNEY NS AUS -$9.70 $17,086.66 | Card xx0018 | Value Date: 30/06/2026"
2026-07-03,MCDONALDS INTNATIONA MASCOT NSWAU,,MCDONALDS INTNATIONA MASCOT NSWAU,Dining & Coffee,Discretionary,fallback,fallback:mcdonald,-11.40,11.40,0.00,17075.26,2026-07,High confidence,13,"03 Jul 2026 MCDONALDS INTNATIONA MASCOT NSWAU -$11.40 $17,075.26"
2026-07-03,WHSMITH SYDT1 ARRIVAL1 MASCOT AU,,WHSMITH SYDT1 ARRIVAL1 MASCOT,Other,Unknown,unmatched,,-9.50,9.50,0.00,17065.76,2026-07,High confidence,13,"03 Jul 2026 WHSMITH SYDT1 ARRIVAL1 MASCOT AU -$9.50 $17,065.76"
2026-07-03,SQ *SACREBLEU ! CANELE dee why AU,,SACREBLEU ! CANELE dee why,Dining & Coffee,Discretionary,fallback,fallback:canele,-23.66,23.66,0.00,17042.10,2026-07,High confidence,13,"03 Jul 2026 SQ *SACREBLEU ! CANELE dee why AU -$23.66 $17,042.10"
2026-07-03,COLES 0784 DEE WHY AU,,COLES 0784 DEE WHY,Groceries,Essential,fallback,fallback:coles ,-22.90,22.90,0.00,17019.20,2026-07,High confidence,13,"03 Jul 2026 COLES 0784 DEE WHY AU -$22.90 $17,019.20"
2026-07-04,AMAZON AU MARKETPLACE SYDNEY AUS,Card xx6220 | Value Date: 01/07/2026,AMAZON MARKETPLACE SYDNEY,Shopping,Discretionary,fallback,fallback:amazon au,-146.93,146.93,0.00,16872.27,2026-07,High confidence,14,"04 Jul 2026 AMAZON AU MARKETPLACE SYDNEY AUS -$146.93 $16,872.27 | Card xx6220 | Value Date: 01/07/2026"
2026-07-04,AMAZON AU MARKETPLACE SYDNEY AUS,Card xx6220 | Value Date: 01/07/2026,AMAZON MARKETPLACE SYDNEY,Shopping,Discretionary,fallback,fallback:amazon au,-61.69,61.69,0.00,16810.58,2026-07,High confidence,14,"04 Jul 2026 AMAZON AU MARKETPLACE SYDNEY AUS -$61.69 $16,810.58 | Card xx6220 | Value Date: 01/07/2026"
2026-07-04,AMAZON AU MARKETPLACE SYDNEY AUS,Card xx6220 | Value Date: 01/07/2026,AMAZON MARKETPLACE SYDNEY,Shopping,Discretionary,fallback,fallback:amazon au,-78.31,78.31,0.00,16732.27,2026-07,High confidence,14,"04 Jul 2026 AMAZON AU MARKETPLACE SYDNEY AUS -$78.31 $16,732.27 | Card xx6220 | Value Date: 01/07/2026"
2026-07-04,OOOSH Bakery MASCOT AUS,Card xx0018 | Value Date: 03/07/2026,OOOSH Bakery MASCOT,Dining & Coffee,Discretionary,fallback,fallback:bakery,-13.72,13.72,0.00,16718.55,2026-07,High confidence,14,"04 Jul 2026 OOOSH Bakery MASCOT AUS -$13.72 $16,718.55 | Card xx0018 | Value Date: 03/07/2026"
2026-07-04,CHEMIST WAREHOUSE DEE WHY NS AUS,Card xx0018 | Value Date: 01/07/2026,CHEMIST WAREHOUSE DEE WHY,Health & Pharmacy,Essential,fallback,fallback:chemist warehouse,-8.99,8.99,0.00,16709.56,2026-07,High confidence,14,"04 Jul 2026 CHEMIST WAREHOUSE DEE WHY NS AUS -$8.99 $16,709.56 | Card xx0018 | Value Date: 01/07/2026"
2026-07-04,Return CBCASHBACK*coles Rebate NS AUS,Card xx2810 | Value Date: 02/07/2026,Return CBCASHBACK*coles Rebate,Income - Refund/Reimbursement,Income,system,,5.00,0.00,5.00,16714.56,2026-07,High confidence,14,"04 Jul 2026 Return CBCASHBACK*coles Rebate NS AUS $5.00 $16,714.56 | Card xx2810 | Value Date: 02/07/2026"
2026-07-04,COLES 0784 DEE WHY NS AUS,Card xx2810 | Value Date: 02/07/2026,COLES 0784 DEE WHY,Groceries,Essential,fallback,fallback:coles ,-39.66,39.66,0.00,16674.90,2026-07,High confidence,14,"04 Jul 2026 COLES 0784 DEE WHY NS AUS -$39.66 $16,674.90 | Card xx2810 | Value Date: 02/07/2026"
2026-07-04,FANTASEA PTY LTD SYDNEY AU,,FANTASEA PTY LTD SYDNEY,Transport,Essential,fallback,fallback:fantasea,-43.20,43.20,0.00,16631.70,2026-07,High confidence,14,"04 Jul 2026 FANTASEA PTY LTD SYDNEY AU -$43.20 $16,631.70"
2026-07-04,OEHTHEBASINCAMPGROUN PALM BEACH NSWAU,,OEHTHEBASINCAMPGROUN PALM BEACH NSWAU,Other,Unknown,unmatched,,-12.00,12.00,0.00,16619.70,2026-07,High confidence,14,"04 Jul 2026 OEHTHEBASINCAMPGROUN PALM BEACH NSWAU -$12.00 $16,619.70"
2026-07-04,SQ *WINGMILL Dee Why AU,,WINGMILL Dee Why,Dining & Coffee,Discretionary,fallback,fallback:wingmill,-143.00,143.00,0.00,16476.70,2026-07,High confidence,14,"04 Jul 2026 SQ *WINGMILL Dee Why AU -$143.00 $16,476.70"
2026-07-05,M & J TRADING UP PTY DEE WHY NSWAU,,M & J TRADING UP PTY DEE WHY NSWAU,Other,Unknown,unmatched,,-9.80,9.80,0.00,16466.90,2026-07,High confidence,14,"05 Jul 2026 M & J TRADING UP PTY DEE WHY NSWAU -$9.80 $16,466.90"
2026-07-05,TK MAXX WARRINGAH BROOKVALE NSWAU,,TK MAXX WARRINGAH BROOKVALE NSWAU,Shopping,Discretionary,fallback,fallback:tk maxx,-5.99,5.99,0.00,16460.91,2026-07,High confidence,14,"05 Jul 2026 TK MAXX WARRINGAH BROOKVALE NSWAU -$5.99 $16,460.91"
2026-07-05,KMART 1378 BROOKVALE AU,,KMART 1378 BROOKVALE,Shopping,Discretionary,fallback,fallback:kmart,-9.75,9.75,0.00,16451.16,2026-07,High confidence,14,"05 Jul 2026 KMART 1378 BROOKVALE AU -$9.75 $16,451.16"
2026-07-05,AirportRentals.com AIRPORTRENTALS.COM WP,,AirportRentals.com,Travel,Irregular,confirmed,contains:AIRPORTRENTALS,-94.12,94.12,0.00,16357.04,2026-07,High confidence,14,"05 Jul 2026 AirportRentals.com AIRPORTRENTALS.COM WP -$94.12 $16,357.04"
2026-07-06,SQ *ROYAL COPENHAGEN D Dee Why AU,,ROYAL COPENHAGEN D Dee Why,Dining & Coffee,Discretionary,fallback,fallback:royal copenhagen,-14.22,14.22,0.00,16342.82,2026-07,High confidence,14,"06 Jul 2026 SQ *ROYAL COPENHAGEN D Dee Why AU -$14.22 $16,342.82"
2026-07-06,ZLR*S2TOBYS Mascot AU,,S2TOBYS Mascot,Other,Unknown,unmatched,,-7.14,7.14,0.00,16335.68,2026-07,High confidence,14,"06 Jul 2026 ZLR*S2TOBYS Mascot AU -$7.14 $16,335.68"
2026-07-06,BP LAUDERDALE 7051 LAUDERDALE AU,,BP,Transport,Essential,confirmed,contains:BP LAUDERDALE,-16.80,16.80,0.00,16318.88,2026-07,High confidence,14,"06 Jul 2026 BP LAUDERDALE 7051 LAUDERDALE AU -$16.80 $16,318.88"
2026-07-07,TRANSPORTFORNSW TAP SYDNEY AUS,Card xx2810 | Value Date: 06/07/2026,Transport for NSW,Transport,Essential,confirmed,contains:TRANSPORTFORNSW,-5.45,5.45,0.00,16313.43,2026-07,High confidence,14,"07 Jul 2026 TRANSPORTFORNSW TAP SYDNEY AUS -$5.45 $16,313.43 | Card xx2810 | Value Date: 06/07/2026"
2026-07-07,Sydney Airport Coffee Mascot NS AUS,Card xx2810 | Value Date: 03/07/2026,Sydney Airport Coffee Mascot,Dining & Coffee,Discretionary,fallback,fallback:coffee,-5.86,5.86,0.00,16307.57,2026-07,High confidence,14,"07 Jul 2026 Sydney Airport Coffee Mascot NS AUS -$5.86 $16,307.57 | Card xx2810 | Value Date: 03/07/2026"
2026-07-07,TRANSPORTFORNSW TAP SYDNEY AUS,Card xx0018 | Value Date: 05/07/2026,Transport for NSW,Transport,Essential,confirmed,contains:TRANSPORTFORNSW,-4.03,4.03,0.00,16303.54,2026-07,High confidence,14,"07 Jul 2026 TRANSPORTFORNSW TAP SYDNEY AUS -$4.03 $16,303.54 | Card xx0018 | Value Date: 05/07/2026"
2026-07-07,Guzman Y Gomez Franch Surry Hills NS AUS,Card xx0018 | Value Date: 05/07/2026,Guzman Y Gomez Franch Surry Hills,Dining & Coffee,Discretionary,fallback,fallback:guzman,-50.10,50.10,0.00,16253.44,2026-07,High confidence,14,"07 Jul 2026 Guzman Y Gomez Franch Surry Hills NS AUS -$50.10 $16,253.44 | Card xx0018 | Value Date: 05/07/2026"
2026-07-07,Northern Beaches Counc Dee Why NS AUS,Card xx0018 | Value Date: 03/07/2026,Northern Beaches Counc Dee Why,Government & Admin,Irregular,fallback,fallback:northern beaches counc,-0.40,0.40,0.00,16253.04,2026-07,High confidence,15,"07 Jul 2026 Northern Beaches Counc Dee Why NS AUS -$0.40 $16,253.04 | Card xx0018 | Value Date: 03/07/2026"
2026-07-07,COLES 0784 DEE WHY NS AUS,Card xx0018 | Value Date: 03/07/2026,COLES 0784 DEE WHY,Groceries,Essential,fallback,fallback:coles ,-36.85,36.85,0.00,16216.19,2026-07,High confidence,15,"07 Jul 2026 COLES 0784 DEE WHY NS AUS -$36.85 $16,216.19 | Card xx0018 | Value Date: 03/07/2026"
2026-07-07,LSP*Marys Dee Why Dee Why AU AUS,Card xx0018 | Value Date: 04/07/2026,Marys Dee Why Dee Why,Other,Unknown,unmatched,,-69.10,69.10,0.00,16147.09,2026-07,High confidence,15,"07 Jul 2026 LSP*Marys Dee Why Dee Why AU AUS -$69.10 $16,147.09 | Card xx0018 | Value Date: 04/07/2026"
2026-07-07,TRANSPORTFORNSW TAP SYDNEY AUS,Card xx0018 | Value Date: 03/07/2026,Transport for NSW,Transport,Essential,confirmed,contains:TRANSPORTFORNSW,-4.03,4.03,0.00,16143.06,2026-07,High confidence,15,"07 Jul 2026 TRANSPORTFORNSW TAP SYDNEY AUS -$4.03 $16,143.06 | Card xx0018 | Value Date: 03/07/2026"
2026-07-07,POST DEE WHY POST SHOP DEE WHY AUS,Card xx0018 | Value Date: 03/07/2026,POST DEE WHY POST SHOP DEE WHY,Government & Admin,Irregular,fallback,fallback:post dee why,-43.60,43.60,0.00,16099.46,2026-07,High confidence,15,"07 Jul 2026 POST DEE WHY POST SHOP DEE WHY AUS -$43.60 $16,099.46 | Card xx0018 | Value Date: 03/07/2026"
2026-07-07,Mantra 2 Bond St SA Sydney NS AUS,Card xx0018 | Value Date: 02/07/2026,Mantra,Travel,Irregular,confirmed,contains:MANTRA 2 BOND,-211.00,211.00,0.00,15888.46,2026-07,High confidence,15,"07 Jul 2026 Mantra 2 Bond St SA Sydney NS AUS -$211.00 $15,888.46 | Card xx0018 | Value Date: 02/07/2026"
2026-07-07,UBER *TRIP HELP.UBER.C Sydney AU AUS,Card xx0018 | Value Date: 03/07/2026,UBER *TRIP HELP.UBER.C Sydney,Transport,Essential,fallback,fallback:uber *trip,-5.00,5.00,0.00,15883.46,2026-07,High confidence,15,"07 Jul 2026 UBER *TRIP HELP.UBER.C Sydney AU AUS -$5.00 $15,883.46 | Card xx0018 | Value Date: 03/07/2026"
2026-07-07,UBER *TRIP HELP.UBER.C Sydney AU AUS,Card xx0018 | Value Date: 03/07/2026,UBER *TRIP HELP.UBER.C Sydney,Transport,Essential,fallback,fallback:uber *trip,-86.92,86.92,0.00,15796.54,2026-07,High confidence,15,"07 Jul 2026 UBER *TRIP HELP.UBER.C Sydney AU AUS -$86.92 $15,796.54 | Card xx0018 | Value Date: 03/07/2026"
2026-07-07,Ocean Sushi Dee Why NS AUS,Card xx0018 | Value Date: 03/07/2026,Ocean Sushi Dee Why,Dining & Coffee,Discretionary,fallback,fallback:sushi,-12.64,12.64,0.00,15783.90,2026-07,High confidence,15,"07 Jul 2026 Ocean Sushi Dee Why NS AUS -$12.64 $15,783.90 | Card xx0018 | Value Date: 03/07/2026"
2026-07-07,UBER *TRIP HELP.UBER.C Sydney AU AUS,Card xx0018 | Value Date: 03/07/2026,UBER *TRIP HELP.UBER.C Sydney,Transport,Essential,fallback,fallback:uber *trip,-136.83,136.83,0.00,15647.07,2026-07,High confidence,15,"07 Jul 2026 UBER *TRIP HELP.UBER.C Sydney AU AUS -$136.83 $15,647.07 | Card xx0018 | Value Date: 03/07/2026"
2026-07-07,JOHNNYGIOSPIZ* DEE WHY MARSDEN PARK NS AUS,Card xx0018 | Value Date: 03/07/2026,JOHNNYGIOSPIZ* DEE WHY MARSDEN PARK,Dining & Coffee,Discretionary,fallback,fallback:johnnygio,-67.47,67.47,0.00,15579.60,2026-07,High confidence,15,"07 Jul 2026 JOHNNYGIOSPIZ* DEE WHY MARSDEN PARK NS -$67.47 $15,579.60 | AUS | Card xx0018 | Value Date: 03/07/2026"
2026-07-07,BEAUTYFASCIA SHERIDAN WY USA,Card xx0018 USD 49.00 | Value Date: 03/07/2026,BeautyFascia,Beauty & Personal Care,Discretionary,confirmed,contains:BEAUTYFASCIA,-71.20,71.20,0.00,15508.40,2026-07,High confidence,15,"07 Jul 2026 BEAUTYFASCIA SHERIDAN WY USA -$71.20 $15,508.40 | Card xx0018 USD 49.00 | Value Date: 03/07/2026"
2026-07-07,International Transaction Fee,Value Date: 02/07/2026,International Transaction Fee,Bank Fees,Essential,fallback,fallback:international transaction fee,-2.49,2.49,0.00,15505.91,2026-07,High confidence,15,"07 Jul 2026 International Transaction Fee -$2.49 $15,505.91 | Value Date: 02/07/2026"
2026-07-07,SQ *FOURHEARTS CAFE Bellerive AU,,FOURHEARTS CAFE Bellerive,Dining & Coffee,Discretionary,fallback,fallback:cafe,-70.00,70.00,0.00,15435.91,2026-07,High confidence,15,"07 Jul 2026 SQ *FOURHEARTS CAFE Bellerive AU -$70.00 $15,435.91"
2026-07-08,TRANSPORTFORNSW TAP SYDNEY AUS,Card xx2810 | Value Date: 07/07/2026,Transport for NSW,Transport,Essential,confirmed,contains:TRANSPORTFORNSW,-3.30,3.30,0.00,15432.61,2026-07,High confidence,15,"08 Jul 2026 TRANSPORTFORNSW TAP SYDNEY AUS -$3.30 $15,432.61 | Card xx2810 | Value Date: 07/07/2026"
2026-07-08,SAHARA GRILL T2 PTY L Mascot NS AUS,Card xx2810 | Value Date: 06/07/2026,SAHARA GRILL T2 PTY L Mascot,Dining & Coffee,Discretionary,fallback,fallback:grill,-19.81,19.81,0.00,15412.80,2026-07,High confidence,15,"08 Jul 2026 SAHARA GRILL T2 PTY L Mascot NS AUS -$19.81 $15,412.80 | Card xx2810 | Value Date: 06/07/2026"
2026-07-08,TRANSPORTFORNSW TAP SYDNEY AUS,Card xx0018 | Value Date: 06/07/2026,Transport for NSW,Transport,Essential,confirmed,contains:TRANSPORTFORNSW,-7.17,7.17,0.00,15405.63,2026-07,High confidence,16,"08 Jul 2026 TRANSPORTFORNSW TAP SYDNEY AUS -$7.17 $15,405.63 | Card xx0018 | Value Date: 06/07/2026"
2026-07-08,VIET VIBE BROOKVALE AUS,Card xx0018 | Value Date: 05/07/2026,VIET VIBE BROOKVALE,Dining & Coffee,Discretionary,fallback,fallback:viet vibe,-6.60,6.60,0.00,15399.03,2026-07,High confidence,16,"08 Jul 2026 VIET VIBE BROOKVALE AUS -$6.60 $15,399.03 | Card xx0018 | Value Date: 05/07/2026"
2026-07-08,UBER *TRIP HELP.UBER.C Sydney AU AUS,Card xx0018 | Value Date: 06/07/2026,UBER *TRIP HELP.UBER.C Sydney,Transport,Essential,fallback,fallback:uber *trip,-5.00,5.00,0.00,15394.03,2026-07,High confidence,16,"08 Jul 2026 UBER *TRIP HELP.UBER.C Sydney AU AUS -$5.00 $15,394.03 | Card xx0018 | Value Date: 06/07/2026"
2026-07-08,UBER *TRIP HELP.UBER.C Sydney AU AUS,Card xx0018 | Value Date: 06/07/2026,UBER *TRIP HELP.UBER.C Sydney,Transport,Essential,fallback,fallback:uber *trip,-106.56,106.56,0.00,15287.47,2026-07,High confidence,16,"08 Jul 2026 UBER *TRIP HELP.UBER.C Sydney AU AUS -$106.56 $15,287.47 | Card xx0018 | Value Date: 06/07/2026"
2026-07-08,BP LAUDERDALE 7051 LAUDERDALE AU,,BP,Transport,Essential,confirmed,contains:BP LAUDERDALE,-31.60,31.60,0.00,15255.87,2026-07,High confidence,16,"08 Jul 2026 BP LAUDERDALE 7051 LAUDERDALE AU -$31.60 $15,255.87"
2026-07-08,SQ *BRUNY ISLAND GATEW Kettering AU,,BRUNY ISLAND GATEW Kettering,Other,Unknown,unmatched,,-24.89,24.89,0.00,15230.98,2026-07,High confidence,16,"08 Jul 2026 SQ *BRUNY ISLAND GATEW Kettering AU -$24.89 $15,230.98"
2026-07-08,SQ *BRUNY ISLAND HONEY Great Bay AU,,BRUNY ISLAND HONEY Great Bay,Other,Unknown,unmatched,,-43.50,43.50,0.00,15187.48,2026-07,High confidence,16,"08 Jul 2026 SQ *BRUNY ISLAND HONEY Great Bay AU -$43.50 $15,187.48"
2026-07-08,Direct Debit 507156 MBAUDPayments AMBITIONS_UqJPnqeq,,Direct Debit 507156 MBAUDPayments AMBITIONS_UqJPnqeq,Fitness & Memberships,Discretionary,fallback,fallback:mbaudpayments,-68.00,68.00,0.00,15119.48,2026-07,High confidence,16,"08 Jul 2026 Direct Debit 507156 MBAUDPayments -$68.00 $15,119.48 | AMBITIONS_UqJPnqeq"
2026-07-09,SEALINK TASMANIA PTY L ADELAIDE AUS,Card xx2810 | Value Date: 08/07/2026,SeaLink Tasmania,Travel,Irregular,confirmed,contains:SEALINK TASMANIA,-62.60,62.60,0.00,15056.88,2026-07,High confidence,16,"09 Jul 2026 SEALINK TASMANIA PTY L ADELAIDE AUS -$62.60 $15,056.88 | Card xx2810 | Value Date: 08/07/2026"
2026-07-09,TRANSPORTFORNSW TAP SYDNEY AUS,Card xx0018 | Value Date: 07/07/2026,Transport for NSW,Transport,Essential,confirmed,contains:TRANSPORTFORNSW,-3.30,3.30,0.00,15053.58,2026-07,High confidence,16,"09 Jul 2026 TRANSPORTFORNSW TAP SYDNEY AUS -$3.30 $15,053.58 | Card xx0018 | Value Date: 07/07/2026"
2026-07-09,LS Stars in Hand Queens Domain AU AUS,Card xx0018 | Value Date: 07/07/2026,Stars in Hand Queens Domain,Other,Unknown,unmatched,,-5.00,5.00,0.00,15048.58,2026-07,High confidence,16,"09 Jul 2026 LS Stars in Hand Queens Domain AU AUS -$5.00 $15,048.58 | Card xx0018 | Value Date: 07/07/2026"
2026-07-09,HOBART CITY COUNCIL HOBART AU AUS,Card xx0018 | Value Date: 07/07/2026,HOBART CITY COUNCIL HOBART,Other,Unknown,unmatched,,-1.45,1.45,0.00,15047.13,2026-07,High confidence,16,"09 Jul 2026 HOBART CITY COUNCIL HOBART AU AUS -$1.45 $15,047.13 | Card xx0018 | Value Date: 07/07/2026"
2026-07-09,HOBART CITY COUNCIL HOBART AU AUS,Card xx0018 | Value Date: 07/07/2026,HOBART CITY COUNCIL HOBART,Other,Unknown,unmatched,,-4.35,4.35,0.00,15042.78,2026-07,High confidence,16,"09 Jul 2026 HOBART CITY COUNCIL HOBART AU AUS -$4.35 $15,042.78 | Card xx0018 | Value Date: 07/07/2026"
2026-07-09,BP LAUDERDALE 7051 LAUDERDALE AU,,BP,Transport,Essential,confirmed,contains:BP LAUDERDALE,-76.63,76.63,0.00,14966.15,2026-07,High confidence,16,"09 Jul 2026 BP LAUDERDALE 7051 LAUDERDALE AU -$76.63 $14,966.15"
2026-07-09,ZLR*The Richmond Chocol Richmond AU,,The Richmond Chocol Richmond,Other,Unknown,unmatched,,-41.08,41.08,0.00,14925.07,2026-07,High confidence,16,"09 Jul 2026 ZLR*The Richmond Chocol Richmond AU -$41.08 $14,925.07"
2026-07-09,SQ *THE LIFEBUOY CAFE St Helens AU,,THE LIFEBUOY CAFE St Helens,Dining & Coffee,Discretionary,fallback,fallback:cafe,-5.50,5.50,0.00,14919.57,2026-07,High confidence,16,"09 Jul 2026 SQ *THE LIFEBUOY CAFE St Helens AU -$5.50 $14,919.57"
2026-07-09,IMT 1200002130485 Emily Paula Klobuchar,REF K036403265045 | USD 330 Rate_0.675 | Value Date_09/07/2026,IMT Emily Paula Klobuchar,Transfer Out,Transfer,system,,-488.89,488.89,0.00,14430.68,2026-07,High confidence,16,"09 Jul 2026 IMT 1200002130485 Emily Paula Klobuchar -$488.89 $14,430.68 | REF K036403265045 | USD 330 Rate_0.675 | Value Date_09/07/2026"
2026-07-09,Direct Debit 518073 Crunch Fitness -,EZYPAYID_102282613,Direct Debit 518073 Crunch Fitness,Fitness & Memberships,Discretionary,fallback,fallback:crunch fitness,-30.90,30.90,0.00,14399.78,2026-07,High confidence,16,"09 Jul 2026 Direct Debit 518073 Crunch Fitness - -$30.90 $14,399.78 | EZYPAYID_102282613"
2026-07-09,Direct Debit 518073 Crunch Fitness -,EZYPAYID_102281705,Direct Debit 518073 Crunch Fitness,Fitness & Memberships,Discretionary,fallback,fallback:crunch fitness,-67.80,67.80,0.00,14331.98,2026-07,High confidence,16,"09 Jul 2026 Direct Debit 518073 Crunch Fitness - -$67.80 $14,331.98 | EZYPAYID_102281705"
2026-07-10,DODO SERVICES PTY LTD MELBOURNE VI AUS,Card xx0018 | Value Date: 08/07/2026,DODO SERVICES PTY LTD MELBOURNE,Utilities & Phone,Essential,fallback,fallback:dodo services,-73.99,73.99,0.00,14257.99,2026-07,High confidence,17,"10 Jul 2026 DODO SERVICES PTY LTD MELBOURNE VI AUS -$73.99 $14,257.99 | Card xx0018 | Value Date: 08/07/2026"
2026-07-10,SQ *BEAR WITH ME South Hobart AU,,BEAR WITH ME South Hobart,Other,Unknown,unmatched,,-27.56,27.56,0.00,14230.43,2026-07,High confidence,17,"10 Jul 2026 SQ *BEAR WITH ME South Hobart AU -$27.56 $14,230.43"
2026-07-11,BREAK O DAY COUNCIL ST HELENS AUS,Card xx0018 | Value Date: 09/07/2026,BREAK O DAY COUNCIL ST HELENS,Other,Unknown,unmatched,,-7.00,7.00,0.00,14223.43,2026-07,High confidence,17,"11 Jul 2026 BREAK O DAY COUNCIL ST HELENS AUS -$7.00 $14,223.43 | Card xx0018 | Value Date: 09/07/2026"
2026-07-11,LS *SlicePizzaRokeby MountWaverley AUS,Card xx0018 | Value Date: 08/07/2026,SlicePizzaRokeby MountWaverley,Dining & Coffee,Discretionary,fallback,fallback:pizza,-32.95,32.95,0.00,14190.48,2026-07,High confidence,17,"11 Jul 2026 LS *SlicePizzaRokeby MountWaverley AUS -$32.95 $14,190.48 | Card xx0018 | Value Date: 08/07/2026"
2026-07-11,SMP*Think Again Laser89 Dee Why02 AU,,Think Again Laser,Beauty & Personal Care,Irregular,suggested,contains:THINK AGAIN LASER,-507.98,507.98,0.00,13682.50,2026-07,High confidence,17,"11 Jul 2026 SMP*Think Again Laser89 Dee Why02 AU -$507.98 $13,682.50"
2026-07-11,COLES 0784 DEE WHY AU,,COLES 0784 DEE WHY,Groceries,Essential,fallback,fallback:coles ,-7.00,7.00,0.00,13675.50,2026-07,High confidence,17,"11 Jul 2026 COLES 0784 DEE WHY AU -$7.00 $13,675.50"
2026-07-12,SQ *SACREBLEU ! CANELE dee why AU,,SACREBLEU ! CANELE dee why,Dining & Coffee,Discretionary,fallback,fallback:canele,-17.25,17.25,0.00,13658.25,2026-07,High confidence,17,"12 Jul 2026 SQ *SACREBLEU ! CANELE dee why AU -$17.25 $13,658.25"
2026-07-12,SQ *SILO ESPRESSO Manly AU,,SILO ESPRESSO Manly,Dining & Coffee,Discretionary,fallback,fallback:espresso,-10.80,10.80,0.00,13647.45,2026-07,High confidence,17,"12 Jul 2026 SQ *SILO ESPRESSO Manly AU -$10.80 $13,647.45"
2026-07-12,SQ *D M ENTERTAINMENT Manly AU,,D M ENTERTAINMENT Manly,Other,Unknown,unmatched,,-36.49,36.49,0.00,13610.96,2026-07,High confidence,17,"12 Jul 2026 SQ *D M ENTERTAINMENT Manly AU -$36.49 $13,610.96"
2026-07-12,BAC CATERING PTY LTD SYDNEY NSWAU,,BAC CATERING PTY LTD SYDNEY NSWAU,Other,Unknown,unmatched,,-5.57,5.57,0.00,13605.39,2026-07,High confidence,17,"12 Jul 2026 BAC CATERING PTY LTD SYDNEY NSWAU -$5.57 $13,605.39"
2026-07-12,MUJI RETAIL (AUSTRAL SYDNEY AU,,MUJI RETAIL (AUSTRAL SYDNEY,Shopping,Discretionary,fallback,fallback:muji retail,-12.90,12.90,0.00,13592.49,2026-07,High confidence,17,"12 Jul 2026 MUJI RETAIL (AUSTRAL SYDNEY AU -$12.90 $13,592.49"
2026-07-13,ZLR*SYD T1LS Tilmont Mascot AU,,SYD T1LS Tilmont Mascot,Other,Unknown,unmatched,,-7.14,7.14,0.00,13585.35,2026-07,High confidence,17,"13 Jul 2026 ZLR*SYD T1LS Tilmont Mascot AU -$7.14 $13,585.35"
2026-07-13,SQ *BENZIN CITY GARAGE Sydney AU,,BENZIN CITY GARAGE Sydney,Other,Unknown,unmatched,,-24.00,24.00,0.00,13561.35,2026-07,High confidence,17,"13 Jul 2026 SQ *BENZIN CITY GARAGE Sydney AU -$24.00 $13,561.35"
2026-07-13,Fast Transfer From BULAT FAEZOV /RFB/VMUZCLMT6//POP Family support,Value Date: 14/07/2026,Fast Transfer From BULAT FAEZOV /RFB/VMUZCLMT6//POP Family support,Transfer In,Transfer,system,,20001.40,0.00,20001.40,33562.75,2026-07,High confidence,17,"13 Jul 2026 Fast Transfer From BULAT FAEZOV $20,001.40 $33,562.75 | /RFB/VMUZCLMT6//POP Family support | Value Date: 14/07/2026"
2026-07-14,TRANSPORTFORNSW TAP SYDNEY AUS,Card xx2810 | Value Date: 13/07/2026,Transport for NSW,Transport,Essential,confirmed,contains:TRANSPORTFORNSW,-9.65,9.65,0.00,33553.10,2026-07,High confidence,17,"14 Jul 2026 TRANSPORTFORNSW TAP SYDNEY AUS -$9.65 $33,553.10 | Card xx2810 | Value Date: 13/07/2026"
2026-07-14,TRANSPORTFORNSW TAP SYDNEY AUS,Card xx2810 | Value Date: 12/07/2026,Transport for NSW,Transport,Essential,confirmed,contains:TRANSPORTFORNSW,-2.31,2.31,0.00,33550.79,2026-07,High confidence,17,"14 Jul 2026 TRANSPORTFORNSW TAP SYDNEY AUS -$2.31 $33,550.79 | Card xx2810 | Value Date: 12/07/2026"
2026-07-14,THE REJECT SHOP A117 DEE WHY NS AUS,Card xx0018 | Value Date: 11/07/2026,THE REJECT SHOP A117 DEE WHY,Shopping,Discretionary,fallback,fallback:reject shop,-12.50,12.50,0.00,33538.29,2026-07,High confidence,17,"14 Jul 2026 THE REJECT SHOP A117 DEE WHY NS AUS -$12.50 $33,538.29 | Card xx0018 | Value Date: 11/07/2026"
2026-07-14,BAR LUCA SYDNEY NS AUS,Card xx0018 | Value Date: 12/07/2026,BAR LUCA SYDNEY,Dining & Coffee,Discretionary,fallback,fallback:bar luca,-144.87,144.87,0.00,33393.42,2026-07,High confidence,17,"14 Jul 2026 BAR LUCA SYDNEY NS AUS -$144.87 $33,393.42 | Card xx0018 | Value Date: 12/07/2026"
2026-07-14,Senn Sushi SYDNEY AUS,Card xx0018 | Value Date: 12/07/2026,Senn Sushi SYDNEY,Dining & Coffee,Discretionary,fallback,fallback:sushi,-7.33,7.33,0.00,33386.09,2026-07,High confidence,17,"14 Jul 2026 Senn Sushi SYDNEY AUS -$7.33 $33,386.09 | Card xx0018 | Value Date: 12/07/2026"
2026-07-14,Guzman Y Gomez Franch Surry Hills NS AUS,Card xx0018 | Value Date: 11/07/2026,Guzman Y Gomez Franch Surry Hills,Dining & Coffee,Discretionary,fallback,fallback:guzman,-64.50,64.50,0.00,33321.59,2026-07,High confidence,17,"14 Jul 2026 Guzman Y Gomez Franch Surry Hills NS AUS -$64.50 $33,321.59 | Card xx0018 | Value Date: 11/07/2026"
2026-07-14,Irish Murphy's Hobart Hobart TA AUS,Card xx0018 | Value Date: 10/07/2026,Irish Murphy's Hobart Hobart,Other,Unknown,unmatched,,-31.97,31.97,0.00,33289.62,2026-07,High confidence,17,"14 Jul 2026 Irish Murphy's Hobart Hobart TA AUS -$31.97 $33,289.62 | Card xx0018 | Value Date: 10/07/2026"
2026-07-14,HOBART CITY COUNCIL HOBART AU AUS,Card xx0018 | Value Date: 10/07/2026,HOBART CITY COUNCIL HOBART,Other,Unknown,unmatched,,-11.60,11.60,0.00,33278.02,2026-07,High confidence,18,"14 Jul 2026 HOBART CITY COUNCIL HOBART AU AUS -$11.60 $33,278.02 | Card xx0018 | Value Date: 10/07/2026"
2026-07-14,IRISH MURPHYS - HOBART BATTERY POINT TA AUS,Card xx0018 | Value Date: 10/07/2026,IRISH MURPHYS - HOBART BATTERY POINT,Other,Unknown,unmatched,,-91.36,91.36,0.00,33186.66,2026-07,High confidence,18,"14 Jul 2026 IRISH MURPHYS - HOBART BATTERY POINT TA AUS -$91.36 $33,186.66 | Card xx0018 | Value Date: 10/07/2026"
2026-07-14,SQ *COAL RIVER FARM*MO Seven Mile Be TA AUS,Card xx0018 | Value Date: 10/07/2026,COAL RIVER FARM*MO Seven Mile Be,Other,Unknown,unmatched,,-30.53,30.53,0.00,33156.13,2026-07,High confidence,18,"14 Jul 2026 SQ *COAL RIVER FARM*MO Seven Mile Be TA AUS -$30.53 $33,156.13 | Card xx0018 | Value Date: 10/07/2026"
2026-07-14,LS *PizzarazziSorell MountWaverley AUS,Card xx0018 | Value Date: 09/07/2026,PizzarazziSorell MountWaverley,Dining & Coffee,Discretionary,fallback,fallback:pizza,-31.00,31.00,0.00,33125.13,2026-07,High confidence,18,"14 Jul 2026 LS *PizzarazziSorell MountWaverley AUS -$31.00 $33,125.13 | Card xx0018 | Value Date: 09/07/2026"
2026-07-14,SQ *KAHII Sydney AU,,Kahii,Dining & Coffee,Discretionary,suggested,contains:KAHII,-7.10,7.10,0.00,33118.03,2026-07,High confidence,18,"14 Jul 2026 SQ *KAHII Sydney AU -$7.10 $33,118.03"
2026-07-14,WORLDWIDE INTERPRETERS,,Worldwide Interpreters,Education & Professional,Work/Admin,suggested,contains:WORLDWIDE INTERPRETERS,-391.93,391.93,0.00,32726.10,2026-07,High confidence,18,"14 Jul 2026 WORLDWIDE INTERPRETERS -$391.93 $32,726.10"
2026-07-15,TRANSPORTFORNSW TAP SYDNEY AUS,Card xx2810 | Value Date: 14/07/2026,Transport for NSW,Transport,Essential,confirmed,contains:TRANSPORTFORNSW,-5.77,5.77,0.00,32720.33,2026-07,High confidence,18,"15 Jul 2026 TRANSPORTFORNSW TAP SYDNEY AUS -$5.77 $32,720.33 | Card xx2810 | Value Date: 14/07/2026"
2026-07-15,Return AMAZON AU MARKETPLACE SYDNEY AUS,Card xx6220 | Value Date: 13/07/2026,Return AMAZON MARKETPLACE SYDNEY,Income - Refund/Reimbursement,Income,system,,146.93,0.00,146.93,32867.26,2026-07,High confidence,18,"15 Jul 2026 Return AMAZON AU MARKETPLACE SYDNEY AUS $146.93 $32,867.26 | Card xx6220 | Value Date: 13/07/2026"
2026-07-15,Return AMAZON AU MARKETPLACE SYDNEY AUS,Card xx6220 | Value Date: 13/07/2026,Return AMAZON MARKETPLACE SYDNEY,Income - Refund/Reimbursement,Income,system,,61.69,0.00,61.69,32928.95,2026-07,High confidence,18,"15 Jul 2026 Return AMAZON AU MARKETPLACE SYDNEY AUS $61.69 $32,928.95 | Card xx6220 | Value Date: 13/07/2026"
2026-07-15,TRANSPORTFORNSW TAP SYDNEY AUS,Card xx0018 | Value Date: 14/07/2026,Transport for NSW,Transport,Essential,confirmed,contains:TRANSPORTFORNSW,-23.99,23.99,0.00,32904.96,2026-07,High confidence,18,"15 Jul 2026 TRANSPORTFORNSW TAP SYDNEY AUS -$23.99 $32,904.96 | Card xx0018 | Value Date: 14/07/2026"
2026-07-15,TRANSPORTFORNSW TAP SYDNEY AUS,Card xx0018 | Value Date: 13/07/2026,Transport for NSW,Transport,Essential,confirmed,contains:TRANSPORTFORNSW,-4.03,4.03,0.00,32900.93,2026-07,High confidence,18,"15 Jul 2026 TRANSPORTFORNSW TAP SYDNEY AUS -$4.03 $32,900.93 | Card xx0018 | Value Date: 13/07/2026"
2026-07-15,MAO SHENG ASIAN SUPE DEE WHY AUS,Card xx0018 | Value Date: 11/07/2026,MAO SHENG ASIAN SUPE DEE WHY,Groceries,Essential,fallback,fallback:mao sheng,-5.66,5.66,0.00,32895.27,2026-07,High confidence,18,"15 Jul 2026 MAO SHENG ASIAN SUPE DEE WHY AUS -$5.66 $32,895.27 | Card xx0018 | Value Date: 11/07/2026"
2026-07-15,UBER *TRIP HELP.UBER.C Sydney AU AUS,Card xx0018 | Value Date: 13/07/2026,UBER *TRIP HELP.UBER.C Sydney,Transport,Essential,fallback,fallback:uber *trip,-148.97,148.97,0.00,32746.30,2026-07,High confidence,18,"15 Jul 2026 UBER *TRIP HELP.UBER.C Sydney AU AUS -$148.97 $32,746.30 | Card xx0018 | Value Date: 13/07/2026"
2026-07-15,UBER *TRIP HELP.UBER.C Sydney AU AUS,Card xx0018 | Value Date: 13/07/2026,UBER *TRIP HELP.UBER.C Sydney,Transport,Essential,fallback,fallback:uber *trip,-10.00,10.00,0.00,32736.30,2026-07,High confidence,18,"15 Jul 2026 UBER *TRIP HELP.UBER.C Sydney AU AUS -$10.00 $32,736.30 | Card xx0018 | Value Date: 13/07/2026"
2026-07-15,COLES 0784 DEE WHY NS AUS,Card xx0018 | Value Date: 13/07/2026,COLES 0784 DEE WHY,Groceries,Essential,fallback,fallback:coles ,-83.06,83.06,0.00,32653.24,2026-07,High confidence,18,"15 Jul 2026 COLES 0784 DEE WHY NS AUS -$83.06 $32,653.24 | Card xx0018 | Value Date: 13/07/2026"
2026-07-15,ZLR*Cozy & Brew Co. Sydney AU,,Cozy & Brew,Dining & Coffee,Discretionary,confirmed,contains:COZY & BREW,-7.61,7.61,0.00,32645.63,2026-07,High confidence,18,"15 Jul 2026 ZLR*Cozy & Brew Co. Sydney AU -$7.61 $32,645.63"
2026-07-15,Direct Debit 507156 MBAUDPayments,AMBITIONS_Usvws61C,Direct Debit 507156 MBAUDPayments,Fitness & Memberships,Discretionary,fallback,fallback:mbaudpayments,-68.00,68.00,0.00,32577.63,2026-07,High confidence,18,"15 Jul 2026 Direct Debit 507156 MBAUDPayments -$68.00 $32,577.63 | AMBITIONS_Usvws61C"
2026-07-15,Direct Debit 545383 Telstra Services,ndnkbzq1,Direct Debit 545383 Telstra Services,Utilities & Phone,Essential,fallback,fallback:telstra services,-138.00,138.00,0.00,32439.63,2026-07,High confidence,19,"15 Jul 2026 Direct Debit 545383 Telstra Services -$138.00 $32,439.63 | ndnkbzq1"
2026-07-16,Return THREDUP 6175759676 CA USA,Card xx0018 USD 56.93 | Value Date: 14/07/2026,Return THREDUP CA,Income - Refund/Reimbursement,Income,system,,82.39,0.00,82.39,32522.02,2026-07,High confidence,19,"16 Jul 2026 Return THREDUP 6175759676 CA USA $82.39 $32,522.02 | Card xx0018 USD 56.93 | Value Date: 14/07/2026"
2026-07-16,TRANSPORTFORNSW TAP SYDNEY AUS,Card xx0018 | Value Date: 14/07/2026,Transport for NSW,Transport,Essential,confirmed,contains:TRANSPORTFORNSW,-5.77,5.77,0.00,32516.25,2026-07,High confidence,19,"16 Jul 2026 TRANSPORTFORNSW TAP SYDNEY AUS -$5.77 $32,516.25 | Card xx0018 | Value Date: 14/07/2026"
2026-07-16,FLYING HAT SYDNEY AUS,Card xx0018 | Value Date: 14/07/2026,Flying Hat,Dining & Coffee,Discretionary,suggested,contains:FLYING HAT,-6.07,6.07,0.00,32510.18,2026-07,High confidence,19,"16 Jul 2026 FLYING HAT SYDNEY AUS -$6.07 $32,510.18 | Card xx0018 | Value Date: 14/07/2026"
2026-07-16,Guzman Y Gomez Franch Surry Hills NS AUS,Card xx0018 | Value Date: 14/07/2026,Guzman Y Gomez Franch Surry Hills,Dining & Coffee,Discretionary,fallback,fallback:guzman,-24.10,24.10,0.00,32486.08,2026-07,High confidence,19,"16 Jul 2026 Guzman Y Gomez Franch Surry Hills NS AUS -$24.10 $32,486.08 | Card xx0018 | Value Date: 14/07/2026"
2026-07-16,DEFT REAL ESTATE NetBank BPAY 4481 0053436473 Rent may 9 to 23,,DEFT REAL ESTATE NetBank BPAY 4481 Rent may 9 to 23,Housing - Rent,Essential,fallback,fallback:deft real estate,-1720.00,1720.00,0.00,30766.08,2026-07,High confidence,19,"16 Jul 2026 DEFT REAL ESTATE NetBank BPAY 4481 -$1,720.00 $30,766.08 | 0053436473 Rent may 9 to 23"
2026-07-16,SQ *KAHII Sydney AU,,Kahii,Dining & Coffee,Discretionary,suggested,contains:KAHII,-7.10,7.10,0.00,30758.98,2026-07,High confidence,19,"16 Jul 2026 SQ *KAHII Sydney AU -$7.10 $30,758.98"
2026-07-16,OZBARCODES.COM.AU,,OzBarcodes,Education & Professional,Work/Admin,suggested,contains:OZBARCODES,-32.95,32.95,0.00,30726.03,2026-07,High confidence,19,"16 Jul 2026 OZBARCODES.COM.AU -$32.95 $30,726.03"
2026-07-17,BITE* BBDEE WHY SANCROX NS AUS,Card xx2810 | Value Date: 15/07/2026,BITE* BBDEE WHY SANCROX,Dining & Coffee,Discretionary,fallback,fallback:bite*,-26.76,26.76,0.00,30699.27,2026-07,High confidence,19,"17 Jul 2026 BITE* BBDEE WHY SANCROX NS AUS -$26.76 $30,699.27 | Card xx2810 | Value Date: 15/07/2026"
2026-07-17,TFNSW OPAL FARE SYDNEY AUS,Card xx0018 | Value Date: 15/07/2026,Transport for NSW,Transport,Essential,confirmed,contains:TFNSW OPAL,-9.80,9.80,0.00,30689.47,2026-07,High confidence,19,"17 Jul 2026 TFNSW OPAL FARE SYDNEY AUS -$9.80 $30,689.47 | Card xx0018 | Value Date: 15/07/2026"
2026-07-17,SQ *ALL PURPOSE BAKERY Sydney AU,,ALL PURPOSE BAKERY Sydney,Dining & Coffee,Discretionary,fallback,fallback:bakery,-9.09,9.09,0.00,30680.38,2026-07,High confidence,19,"17 Jul 2026 SQ *ALL PURPOSE BAKERY Sydney AU -$9.09 $30,680.38"
2026-07-17,SQ *KAHII Sydney AU,,Kahii,Dining & Coffee,Discretionary,suggested,contains:KAHII,-7.10,7.10,0.00,30673.28,2026-07,High confidence,19,"17 Jul 2026 SQ *KAHII Sydney AU -$7.10 $30,673.28"
2026-07-17,SQ *SACREBLEU ! CANELE dee why AU,,SACREBLEU ! CANELE dee why,Dining & Coffee,Discretionary,fallback,fallback:canele,-14.20,14.20,0.00,30659.08,2026-07,High confidence,19,"17 Jul 2026 SQ *SACREBLEU ! CANELE dee why AU -$14.20 $30,659.08"
2026-07-17,COLES 0784 DEE WHY AU,,COLES 0784 DEE WHY,Groceries,Essential,fallback,fallback:coles ,-13.82,13.82,0.00,30645.26,2026-07,High confidence,19,"17 Jul 2026 COLES 0784 DEE WHY AU -$13.82 $30,645.26"
2026-07-17,SQ *NICHI GETSU DO Sydney AU,,NICHI GETSU DO Sydney,Other,Unknown,unmatched,,-26.00,26.00,0.00,30619.26,2026-07,High confidence,19,"17 Jul 2026 SQ *NICHI GETSU DO Sydney AU -$26.00 $30,619.26"
2026-07-17,FIFTYLAN AUSTRALIA Sydney AU,,FIFTYLAN Sydney,Other,Unknown,unmatched,,-6.97,6.97,0.00,30612.29,2026-07,High confidence,19,"17 Jul 2026 FIFTYLAN AUSTRALIA Sydney AU -$6.97 $30,612.29"
2026-07-18,GUZMAN Y GOMEZ SURRY HILLS NS AUS,Card xx2810 | Value Date: 16/07/2026,GUZMAN Y GOMEZ SURRY HILLS,Dining & Coffee,Discretionary,fallback,fallback:guzman,-28.60,28.60,0.00,30583.69,2026-07,High confidence,19,"18 Jul 2026 GUZMAN Y GOMEZ SURRY HILLS NS AUS -$28.60 $30,583.69 | Card xx2810 | Value Date: 16/07/2026"
2026-07-18,TFNSW OPAL FARE SYDNEY AUS,Card xx0018 | Value Date: 16/07/2026,Transport for NSW,Transport,Essential,confirmed,contains:TFNSW OPAL,-5.77,5.77,0.00,30577.92,2026-07,High confidence,19,"18 Jul 2026 TFNSW OPAL FARE SYDNEY AUS -$5.77 $30,577.92 | Card xx0018 | Value Date: 16/07/2026"
2026-07-18,FLYING HAT SYDNEY AUS,Card xx0018 | Value Date: 16/07/2026,Flying Hat,Dining & Coffee,Discretionary,suggested,contains:FLYING HAT,-6.07,6.07,0.00,30571.85,2026-07,High confidence,19,"18 Jul 2026 FLYING HAT SYDNEY AUS -$6.07 $30,571.85 | Card xx0018 | Value Date: 16/07/2026"
2026-07-18,HUNGRYPANDA AU PRAHRAN VI AUS,Card xx0018 | Value Date: 16/07/2026,HungryPanda,Dining & Coffee,Discretionary,confirmed,contains:HUNGRYPANDA,-16.39,16.39,0.00,30555.46,2026-07,High confidence,19,"18 Jul 2026 HUNGRYPANDA AU PRAHRAN VI AUS -$16.39 $30,555.46 | Card xx0018 | Value Date: 16/07/2026"
2026-07-18,SQ *SACREBLEU ! CANELE dee why AU,,SACREBLEU ! CANELE dee why,Dining & Coffee,Discretionary,fallback,fallback:canele,-10.15,10.15,0.00,30545.31,2026-07,High confidence,19,"18 Jul 2026 SQ *SACREBLEU ! CANELE dee why AU -$10.15 $30,545.31"
2026-07-18,M & J TRADING UP PTY DEE WHY NSWAU,,M & J TRADING UP PTY DEE WHY NSWAU,Other,Unknown,unmatched,,-2.20,2.20,0.00,30543.11,2026-07,High confidence,20,"18 Jul 2026 M & J TRADING UP PTY DEE WHY NSWAU -$2.20 $30,543.11"
2026-07-18,SQ *WINGMILL Dee Why AU,,WINGMILL Dee Why,Dining & Coffee,Discretionary,fallback,fallback:wingmill,-45.00,45.00,0.00,30498.11,2026-07,High confidence,20,"18 Jul 2026 SQ *WINGMILL Dee Why AU -$45.00 $30,498.11"
2026-07-20,SQ *KAHII Sydney AU,,Kahii,Dining & Coffee,Discretionary,suggested,contains:KAHII,-7.10,7.10,0.00,30491.01,2026-07,High confidence,20,"20 Jul 2026 SQ *KAHII Sydney AU -$7.10 $30,491.01"
2026-07-20,ZLR*Cupcakes on Pitt Sydney AU,,Cupcakes on Pitt Sydney,Other,Unknown,unmatched,,-16.23,16.23,0.00,30474.78,2026-07,High confidence,20,"20 Jul 2026 ZLR*Cupcakes on Pitt Sydney AU -$16.23 $30,474.78"
2026-07-20,Transfer To john younin CommBank App Car,,Transfer To john younin CommBank App Car,Transfer Out,Transfer,system,,-5500.00,5500.00,0.00,24974.78,2026-07,High confidence,20,"20 Jul 2026 Transfer To john younin -$5,500.00 $24,974.78 | CommBank App Car"
2026-07-20,SMP*Hero Sushi Dee Why Dee Why02 AU,,Hero Sushi Dee Why Dee Why02,Dining & Coffee,Discretionary,fallback,fallback:sushi,-5.05,5.05,0.00,24969.73,2026-07,High confidence,20,"20 Jul 2026 SMP*Hero Sushi Dee Why Dee Why02 AU -$5.05 $24,969.73"
2026-07-21,TRANSPORTFORNSW OPAL CHIPPENDALE AUS,Card xx6220 | Value Date: 16/07/2026,Transport for NSW,Transport,Essential,confirmed,contains:TRANSPORTFORNSW,-60.00,60.00,0.00,24909.73,2026-07,High confidence,20,"21 Jul 2026 TRANSPORTFORNSW OPAL CHIPPENDALE AUS -$60.00 $24,909.73 | Card xx6220 | Value Date: 16/07/2026"
2026-07-21,AMAZON AU MARKETPLACE SYDNEY AUS,Card xx6220 | Value Date: 16/07/2026,AMAZON MARKETPLACE SYDNEY,Shopping,Discretionary,fallback,fallback:amazon au,-43.14,43.14,0.00,24866.59,2026-07,High confidence,20,"21 Jul 2026 AMAZON AU MARKETPLACE SYDNEY AUS -$43.14 $24,866.59 | Card xx6220 | Value Date: 16/07/2026"
2026-07-21,TFNSW OPAL FARE SYDNEY AUS,Card xx2810 | Value Date: 20/07/2026,Transport for NSW,Transport,Essential,confirmed,contains:TFNSW OPAL,-4.03,4.03,0.00,24862.56,2026-07,High confidence,20,"21 Jul 2026 TFNSW OPAL FARE SYDNEY AUS -$4.03 $24,862.56 | Card xx2810 | Value Date: 20/07/2026"
2026-07-21,DEE WHY LIBRARY DEE WHY AUS,Card xx2810 | Value Date: 17/07/2026,Dee Why Library,Government & Admin,Irregular,suggested,contains:DEE WHY LIBRARY,-1.20,1.20,0.00,24861.36,2026-07,High confidence,20,"21 Jul 2026 DEE WHY LIBRARY DEE WHY AUS -$1.20 $24,861.36 | Card xx2810 | Value Date: 17/07/2026"
2026-07-21,COLES 0784 DEE WHY NS AUS,Card xx2810 | Value Date: 19/07/2026,COLES 0784 DEE WHY,Groceries,Essential,fallback,fallback:coles ,-59.67,59.67,0.00,24801.69,2026-07,High confidence,20,"21 Jul 2026 COLES 0784 DEE WHY NS AUS -$59.67 $24,801.69 | Card xx2810 | Value Date: 19/07/2026"
2026-07-21,LSP*Upper Crust Pies Collaroy AU AUS,Card xx2810 | Value Date: 19/07/2026,Upper Crust Pies Collaroy,Dining & Coffee,Discretionary,fallback,fallback:upper crust,-12.78,12.78,0.00,24788.91,2026-07,High confidence,20,"21 Jul 2026 LSP*Upper Crust Pies Collaroy AU AUS -$12.78 $24,788.91 | Card xx2810 | Value Date: 19/07/2026"
2026-07-21,COLES 0784 DEE WHY NS AUS,Card xx2810 | Value Date: 17/07/2026,COLES 0784 DEE WHY,Groceries,Essential,fallback,fallback:coles ,-26.79,26.79,0.00,24762.12,2026-07,High confidence,20,"21 Jul 2026 COLES 0784 DEE WHY NS AUS -$26.79 $24,762.12 | Card xx2810 | Value Date: 17/07/2026"
2026-07-21,Cafe Plenty Dee Why NS AUS,Card xx0018 | Value Date: 19/07/2026,Cafe Plenty Dee Why,Dining & Coffee,Discretionary,fallback,fallback:cafe,-4.87,4.87,0.00,24757.25,2026-07,High confidence,20,"21 Jul 2026 Cafe Plenty Dee Why NS AUS -$4.87 $24,757.25 | Card xx0018 | Value Date: 19/07/2026"
2026-07-21,LA DISPENSA DEE WHY AUS,Card xx0018 | Value Date: 18/07/2026,LA DISPENSA DEE WHY,Other,Unknown,unmatched,,-3.90,3.90,0.00,24753.35,2026-07,High confidence,20,"21 Jul 2026 LA DISPENSA DEE WHY AUS -$3.90 $24,753.35 | Card xx0018 | Value Date: 18/07/2026"
2026-07-21,TFNSW OPAL FARE SYDNEY AUS,Card xx0018 | Value Date: 17/07/2026,Transport for NSW,Transport,Essential,confirmed,contains:TFNSW OPAL,-11.54,11.54,0.00,24741.81,2026-07,High confidence,20,"21 Jul 2026 TFNSW OPAL FARE SYDNEY AUS -$11.54 $24,741.81 | Card xx0018 | Value Date: 17/07/2026"
2026-07-21,EJ FAMILY TRUST SYDNEY NS AUS,Card xx0018 | Value Date: 17/07/2026,EJ FAMILY TRUST SYDNEY,Other,Unknown,unmatched,,-12.13,12.13,0.00,24729.68,2026-07,High confidence,20,"21 Jul 2026 EJ FAMILY TRUST SYDNEY NS AUS -$12.13 $24,729.68 | Card xx0018 | Value Date: 17/07/2026"
2026-07-21,Netflix.com Melbourne VI AUS,Card xx0018 | Value Date: 18/07/2026,Netflix.com Melbourne,Subscriptions & Donations,Discretionary,fallback,fallback:netflix,-9.99,9.99,0.00,24719.69,2026-07,High confidence,20,"21 Jul 2026 Netflix.com Melbourne VI AUS -$9.99 $24,719.69 | Card xx0018 | Value Date: 18/07/2026"
2026-07-21,COLES 0784 DEE WHY NS AUS,Card xx0018 | Value Date: 17/07/2026,COLES 0784 DEE WHY,Groceries,Essential,fallback,fallback:coles ,-28.90,28.90,0.00,24690.79,2026-07,High confidence,21,"21 Jul 2026 COLES 0784 DEE WHY NS AUS -$28.90 $24,690.79 | Card xx0018 | Value Date: 17/07/2026"
2026-07-21,SQ *SALUMERIE - SYDNEY Sydney AU,,SALUMERIE - SYDNEY Sydney,Dining & Coffee,Discretionary,fallback,fallback:salumerie,-4.57,4.57,0.00,24686.22,2026-07,High confidence,21,"21 Jul 2026 SQ *SALUMERIE - SYDNEY Sydney AU -$4.57 $24,686.22"
2026-07-21,SQ *BUREAU CAFE Sydney AU,,BUREAU CAFE Sydney,Dining & Coffee,Discretionary,fallback,fallback:cafe,-5.00,5.00,0.00,24681.22,2026-07,High confidence,21,"21 Jul 2026 SQ *BUREAU CAFE Sydney AU -$5.00 $24,681.22"
2026-07-21,FARSHAD & REZA PL DEE WHY NSWAU,,FARSHAD & REZA PL DEE WHY NSWAU,Other,Unknown,unmatched,,-45.00,45.00,0.00,24636.22,2026-07,High confidence,21,"21 Jul 2026 FARSHAD & REZA PL DEE WHY NSWAU -$45.00 $24,636.22"
2026-07-21,COLES 0784 DEE WHY AU,,COLES 0784 DEE WHY,Groceries,Essential,fallback,fallback:coles ,-13.60,13.60,0.00,24622.62,2026-07,High confidence,21,"21 Jul 2026 COLES 0784 DEE WHY AU -$13.60 $24,622.62"
2026-07-21,SMP*Hero Sushi Dee Why Dee Why02 AU,,Hero Sushi Dee Why Dee Why02,Dining & Coffee,Discretionary,fallback,fallback:sushi,-10.10,10.10,0.00,24612.52,2026-07,High confidence,21,"21 Jul 2026 SMP*Hero Sushi Dee Why Dee Why02 AU -$10.10 $24,612.52"
2026-07-22,On Sportswear Melbourne AU AUS,Card xx6220 | Value Date: 19/07/2026,On,Shopping,Discretionary,confirmed,contains:ON SPORTSWEAR,-150.00,150.00,0.00,24462.52,2026-07,High confidence,21,"22 Jul 2026 On Sportswear Melbourne AU AUS -$150.00 $24,462.52 | Card xx6220 | Value Date: 19/07/2026"
2026-07-22,SQ *SACREBLEU ! CANELE dee why AU,,SACREBLEU ! CANELE dee why,Dining & Coffee,Discretionary,fallback,fallback:canele,-19.30,19.30,0.00,24443.22,2026-07,High confidence,21,"22 Jul 2026 SQ *SACREBLEU ! CANELE dee why AU -$19.30 $24,443.22"
2026-07-22,ZLR*Cupcakes on Pitt Sydney AU,,Cupcakes on Pitt Sydney,Other,Unknown,unmatched,,-17.24,17.24,0.00,24425.98,2026-07,High confidence,21,"22 Jul 2026 ZLR*Cupcakes on Pitt Sydney AU -$17.24 $24,425.98"
2026-07-22,SQ *THE BEST CHOCOLATE Brookvale AU,,THE BEST CHOCOLATE Brookvale,Other,Unknown,unmatched,,-4.98,4.98,0.00,24421.00,2026-07,High confidence,21,"22 Jul 2026 SQ *THE BEST CHOCOLATE Brookvale AU -$4.98 $24,421.00"
2026-07-22,SP MILLIGRAM Melbourne AU,,Milligram,Shopping,Discretionary,confirmed,contains:MILLIGRAM,-20.98,20.98,0.00,24400.02,2026-07,High confidence,21,"22 Jul 2026 SP MILLIGRAM Melbourne AU -$20.98 $24,400.02"
2026-07-22,Razz Room Sydney AU,,Razz Room Sydney,Other,Unknown,unmatched,,-22.16,22.16,0.00,24377.86,2026-07,High confidence,21,"22 Jul 2026 Razz Room Sydney AU -$22.16 $24,377.86"
2026-07-22,Direct Debit 507156 MBAUDPayments,AMBITIONS_UvYWTo8A,Direct Debit 507156 MBAUDPayments,Fitness & Memberships,Discretionary,fallback,fallback:mbaudpayments,-68.00,68.00,0.00,24309.86,2026-07,High confidence,21,"22 Jul 2026 Direct Debit 507156 MBAUDPayments -$68.00 $24,309.86 | AMBITIONS_UvYWTo8A"
2026-07-23,BITE* BBDEE WHY SANCROX NS AUS,Card xx2810 | Value Date: 21/07/2026,BITE* BBDEE WHY SANCROX,Dining & Coffee,Discretionary,fallback,fallback:bite*,-28.80,28.80,0.00,24281.06,2026-07,High confidence,21,"23 Jul 2026 BITE* BBDEE WHY SANCROX NS AUS -$28.80 $24,281.06 | Card xx2810 | Value Date: 21/07/2026"
2026-07-23,NEXGEN PHARMA CASTLE HILL NS AUS,Card xx6220 | Value Date: 21/07/2026,NEXGEN PHARMA CASTLE HILL,Health & Pharmacy,Essential,fallback,fallback:nexgen pharma,-160.00,160.00,0.00,24121.06,2026-07,High confidence,21,"23 Jul 2026 NEXGEN PHARMA CASTLE HILL NS AUS -$160.00 $24,121.06 | Card xx6220 | Value Date: 21/07/2026"
2026-07-23,TFNSW OPAL FARE SYDNEY AUS,Card xx0018 | Value Date: 21/07/2026,Transport for NSW,Transport,Essential,confirmed,contains:TFNSW OPAL,-5.77,5.77,0.00,24115.29,2026-07,High confidence,21,"23 Jul 2026 TFNSW OPAL FARE SYDNEY AUS -$5.77 $24,115.29 | Card xx0018 | Value Date: 21/07/2026"
2026-07-23,Kmart Photo Centre kmhelp.com.au VI AUS,Card xx0018 | Value Date: 21/07/2026,Kmart Photo Centre kmhelp.com,Shopping,Discretionary,fallback,fallback:kmart,-12.00,12.00,0.00,24103.29,2026-07,High confidence,21,"23 Jul 2026 Kmart Photo Centre kmhelp.com.au VI AUS -$12.00 $24,103.29 | Card xx0018 | Value Date: 21/07/2026"
2026-07-23,Kmart Photo Centre kmhelp.com.au VI AUS,Card xx0018 | Value Date: 21/07/2026,Kmart Photo Centre kmhelp.com,Shopping,Discretionary,fallback,fallback:kmart,-6.00,6.00,0.00,24097.29,2026-07,High confidence,21,"23 Jul 2026 Kmart Photo Centre kmhelp.com.au VI AUS -$6.00 $24,097.29 | Card xx0018 | Value Date: 21/07/2026"
2026-07-23,CENTRAL PLAZA B0418 EASTGARDENS NS AUS,Card xx0018 | Value Date: 21/07/2026,CENTRAL PLAZA B0418 EASTGARDENS,Other,Unknown,unmatched,,-15.50,15.50,0.00,24081.79,2026-07,High confidence,21,"23 Jul 2026 CENTRAL PLAZA B0418 EASTGARDENS NS AUS -$15.50 $24,081.79 | Card xx0018 | Value Date: 21/07/2026"
2026-07-23,SQ *MADE IN DY Dee Why AU,,MADE IN DY Dee Why,Other,Unknown,unmatched,,-11.51,11.51,0.00,24070.28,2026-07,High confidence,21,"23 Jul 2026 SQ *MADE IN DY Dee Why AU -$11.51 $24,070.28"
2026-07-23,SMP*Hero Sushi Dee Why Dee Why02 AU,,Hero Sushi Dee Why Dee Why02,Dining & Coffee,Discretionary,fallback,fallback:sushi,-9.90,9.90,0.00,24060.38,2026-07,High confidence,21,"23 Jul 2026 SMP*Hero Sushi Dee Why Dee Why02 AU -$9.90 $24,060.38"
2026-07-23,Direct Debit 518073 Crunch Fitness -,EZYPAYID_103390835,Direct Debit 518073 Crunch Fitness,Fitness & Memberships,Discretionary,fallback,fallback:crunch fitness,-22.90,22.90,0.00,24037.48,2026-07,High confidence,21,"23 Jul 2026 Direct Debit 518073 Crunch Fitness - -$22.90 $24,037.48 | EZYPAYID_103390835"
2026-07-23,Direct Debit 518073 Crunch Fitness -,EZYPAYID_103392459,Direct Debit 518073 Crunch Fitness,Fitness & Memberships,Discretionary,fallback,fallback:crunch fitness,-30.90,30.90,0.00,24006.58,2026-07,High confidence,21,"23 Jul 2026 Direct Debit 518073 Crunch Fitness - -$30.90 $24,006.58 | EZYPAYID_103392459"
2026-07-24,TFNSW OPAL FARE SYDNEY AUS,Card xx2810 | Value Date: 23/07/2026,Transport for NSW,Transport,Essential,confirmed,contains:TFNSW OPAL,-9.07,9.07,0.00,23997.51,2026-07,High confidence,22,"24 Jul 2026 TFNSW OPAL FARE SYDNEY AUS -$9.07 $23,997.51 | Card xx2810 | Value Date: 23/07/2026"
2026-07-24,Girdlers Dee Why Dee Why NS AUS,Card xx2810 | Value Date: 22/07/2026,Girdlers,Dining & Coffee,Discretionary,confirmed,contains:GIRDLERS,-5.86,5.86,0.00,23991.65,2026-07,High confidence,22,"24 Jul 2026 Girdlers Dee Why Dee Why NS AUS -$5.86 $23,991.65 | Card xx2810 | Value Date: 22/07/2026"
2026-07-24,TESSUTO Sydney NS AUS,Card xx0018 | Value Date: 22/07/2026,TESSUTO Sydney,Other,Unknown,unmatched,,-18.30,18.30,0.00,23973.35,2026-07,High confidence,22,"24 Jul 2026 TESSUTO Sydney NS AUS -$18.30 $23,973.35 | Card xx0018 | Value Date: 22/07/2026"
2026-07-24,ODDCULTURE.GROUP ENMORE NS AUS,Card xx0018 | Value Date: 22/07/2026,ODDCULTURE.GROUP ENMORE,Other,Unknown,unmatched,,-26.60,26.60,0.00,23946.75,2026-07,High confidence,22,"24 Jul 2026 ODDCULTURE.GROUP ENMORE NS AUS -$26.60 $23,946.75 | Card xx0018 | Value Date: 22/07/2026"
2026-07-24,ODDCULTURE.GROUP ENMORE NS AUS,Card xx0018 | Value Date: 22/07/2026,ODDCULTURE.GROUP ENMORE,Other,Unknown,unmatched,,-39.85,39.85,0.00,23906.90,2026-07,High confidence,22,"24 Jul 2026 ODDCULTURE.GROUP ENMORE NS AUS -$39.85 $23,906.90 | Card xx0018 | Value Date: 22/07/2026"
2026-07-24,SQ *BUREAU CAFE Sydney AU,,BUREAU CAFE Sydney,Dining & Coffee,Discretionary,fallback,fallback:cafe,-5.00,5.00,0.00,23901.90,2026-07,High confidence,22,"24 Jul 2026 SQ *BUREAU CAFE Sydney AU -$5.00 $23,901.90"
2026-07-24,SQ *SACREBLEU ! CANELE dee why AU,,SACREBLEU ! CANELE dee why,Dining & Coffee,Discretionary,fallback,fallback:canele,-19.30,19.30,0.00,23882.60,2026-07,High confidence,22,"24 Jul 2026 SQ *SACREBLEU ! CANELE dee why AU -$19.30 $23,882.60"
2026-07-24,SQ *SALUMERIE - SYDNEY Sydney AU,,SALUMERIE - SYDNEY Sydney,Dining & Coffee,Discretionary,fallback,fallback:salumerie,-23.90,23.90,0.00,23858.70,2026-07,High confidence,22,"24 Jul 2026 SQ *SALUMERIE - SYDNEY Sydney AU -$23.90 $23,858.70"
2026-07-24,TEMU.COM,,Temu,Shopping,Discretionary,confirmed,contains:TEMU,-3.98,3.98,0.00,23854.72,2026-07,High confidence,22,"24 Jul 2026 TEMU.COM -$3.98 $23,854.72"
2026-07-24,SQ *CAFFE BRIOSO UNSW SYDNEY AU,,CAFFE BRIOSO UNSW SYDNEY,Other,Unknown,unmatched,,-4.20,4.20,0.00,23850.52,2026-07,High confidence,22,"24 Jul 2026 SQ *CAFFE BRIOSO UNSW SYDNEY AU -$4.20 $23,850.52"
2026-07-24,SQ *KYIV SOCIAL PTY LT Chippendale AU,,KYIV SOCIAL PTY LT Chippendale,Dining & Coffee,Discretionary,fallback,fallback:kyiv social,-129.84,129.84,0.00,23720.68,2026-07,High confidence,22,"24 Jul 2026 SQ *KYIV SOCIAL PTY LT Chippendale AU -$129.84 $23,720.68"
2026-07-24,SQ *ENTERMISSION SYDNE Sydney AU,,ENTERMISSION SYDNE Sydney,Other,Unknown,unmatched,,-30.33,30.33,0.00,23690.35,2026-07,High confidence,22,"24 Jul 2026 SQ *ENTERMISSION SYDNE Sydney AU -$30.33 $23,690.35"
2026-07-24,SQ *ENTERMISSION SYDNE Sydney AU,,ENTERMISSION SYDNE Sydney,Other,Unknown,unmatched,,-30.33,30.33,0.00,23660.02,2026-07,High confidence,22,"24 Jul 2026 SQ *ENTERMISSION SYDNE Sydney AU -$30.33 $23,660.02"
2026-07-24,SQ *ENTERMISSION SYDNE Sydney AU,,ENTERMISSION SYDNE Sydney,Other,Unknown,unmatched,,-10.11,10.11,0.00,23649.91,2026-07,High confidence,22,"24 Jul 2026 SQ *ENTERMISSION SYDNE Sydney AU -$10.11 $23,649.91"
2026-07-25,TRANSPORTFORNSW OPAL CHIPPENDALE AUS,Card xx2810 | Value Date: 24/07/2026,Transport for NSW,Transport,Essential,confirmed,contains:TRANSPORTFORNSW,-60.00,60.00,0.00,23589.91,2026-07,High confidence,22,"25 Jul 2026 TRANSPORTFORNSW OPAL CHIPPENDALE AUS -$60.00 $23,589.91 | Card xx2810 | Value Date: 24/07/2026"
2026-07-25,SEA VIEW CAFE & RESTA Dee Why NS AUS,Card xx2810 | Value Date: 23/07/2026,SEA VIEW CAFE & RESTA Dee Why,Dining & Coffee,Discretionary,fallback,fallback:cafe,-15.72,15.72,0.00,23574.19,2026-07,High confidence,22,"25 Jul 2026 SEA VIEW CAFE & RESTA Dee Why NS AUS -$15.72 $23,574.19 | Card xx2810 | Value Date: 23/07/2026"
2026-07-25,COLES 0784 DEE WHY NS AUS,Card xx2810 | Value Date: 23/07/2026,COLES 0784 DEE WHY,Groceries,Essential,fallback,fallback:coles ,-29.02,29.02,0.00,23545.17,2026-07,High confidence,22,"25 Jul 2026 COLES 0784 DEE WHY NS AUS -$29.02 $23,545.17 | Card xx2810 | Value Date: 23/07/2026"
2026-07-25,TFNSW OPAL FARE SYDNEY AUS,Card xx0018 | Value Date: 23/07/2026,Transport for NSW,Transport,Essential,confirmed,contains:TFNSW OPAL,-4.03,4.03,0.00,23541.14,2026-07,High confidence,22,"25 Jul 2026 TFNSW OPAL FARE SYDNEY AUS -$4.03 $23,541.14 | Card xx0018 | Value Date: 23/07/2026"
2026-07-25,TESSUTO Sydney NS AUS,Card xx0018 | Value Date: 24/07/2026,TESSUTO Sydney,Other,Unknown,unmatched,,-8.13,8.13,0.00,23533.01,2026-07,High confidence,22,"25 Jul 2026 TESSUTO Sydney NS AUS -$8.13 $23,533.01 | Card xx0018 | Value Date: 24/07/2026"
2026-07-25,TESSUTO Sydney NS AUS,Card xx0018 | Value Date: 23/07/2026,TESSUTO Sydney,Other,Unknown,unmatched,,-11.69,11.69,0.00,23521.32,2026-07,High confidence,22,"25 Jul 2026 TESSUTO Sydney NS AUS -$11.69 $23,521.32 | Card xx0018 | Value Date: 23/07/2026"
2026-07-25,SQ *PLAY COFFEE - EAST Eastwood AU,,PLAY COFFEE - EAST Eastwood,Dining & Coffee,Discretionary,fallback,fallback:coffee,-20.20,20.20,0.00,23501.12,2026-07,High confidence,22,"25 Jul 2026 SQ *PLAY COFFEE - EAST Eastwood AU -$20.20 $23,501.12"
2026-07-25,KATOOMBA KIOSK KATOOMBA AU,,KATOOMBA KIOSK KATOOMBA,Other,Unknown,unmatched,,-7.00,7.00,0.00,23494.12,2026-07,High confidence,23,"25 Jul 2026 KATOOMBA KIOSK KATOOMBA AU -$7.00 $23,494.12"
2026-07-25,COLES 0784 DEE WHY AU,,COLES 0784 DEE WHY,Groceries,Essential,fallback,fallback:coles ,-7.80,7.80,0.00,23486.32,2026-07,High confidence,23,"25 Jul 2026 COLES 0784 DEE WHY AU -$7.80 $23,486.32"
2026-07-26,Foster & Black Warrin Brookvale AU,,Foster & Black Warrin Brookvale,Other,Unknown,unmatched,,-6.00,6.00,0.00,23480.32,2026-07,High confidence,23,"26 Jul 2026 Foster & Black Warrin Brookvale AU -$6.00 $23,480.32"
2026-07-26,SQ *CUTS AVENUE WARRIN Brookvale AU,,Cuts Avenue,Beauty & Personal Care,Discretionary,suggested,contains:CUTS AVENUE,-84.33,84.33,0.00,23395.99,2026-07,High confidence,23,"26 Jul 2026 SQ *CUTS AVENUE WARRIN Brookvale AU -$84.33 $23,395.99"
2026-07-26,LS WARRINGAH North Rocks AU,,WARRINGAH North Rocks,Other,Unknown,unmatched,,-29.99,29.99,0.00,23366.00,2026-07,High confidence,23,"26 Jul 2026 LS WARRINGAH North Rocks AU -$29.99 $23,366.00"
2026-07-26,TK MAXX WARRINGAH BROOKVALE NSWAU,,TK MAXX WARRINGAH BROOKVALE NSWAU,Shopping,Discretionary,fallback,fallback:tk maxx,-6.98,6.98,0.00,23359.02,2026-07,High confidence,23,"26 Jul 2026 TK MAXX WARRINGAH BROOKVALE NSWAU -$6.98 $23,359.02"
2026-07-26,SQ *KEBABS & CREPES LA Auburn AU,,KEBABS & CREPES LA Auburn,Dining & Coffee,Discretionary,fallback,fallback:kebab,-18.78,18.78,0.00,23340.24,2026-07,High confidence,23,"26 Jul 2026 SQ *KEBABS & CREPES LA Auburn AU -$18.78 $23,340.24"
2026-07-27,SERVICE NSW SYDNEY AU,,SERVICE SYDNEY,Government & Admin,Irregular,fallback,fallback:service nsw,-134.00,134.00,0.00,23206.24,2026-07,High confidence,23,"27 Jul 2026 SERVICE NSW SYDNEY AU -$134.00 $23,206.24"
2026-07-27,SMP*Hero Sushi George Sydney02 AU,,Hero Sushi George Sydney02,Dining & Coffee,Discretionary,fallback,fallback:sushi,-7.58,7.58,0.00,23198.66,2026-07,High confidence,23,"27 Jul 2026 SMP*Hero Sushi George Sydney02 AU -$7.58 $23,198.66"
2026-07-27,SMP*Hero Sushi Dee Why Dee Why02 AU,,Hero Sushi Dee Why Dee Why02,Dining & Coffee,Discretionary,fallback,fallback:sushi,-10.10,10.10,0.00,23188.56,2026-07,High confidence,23,"27 Jul 2026 SMP*Hero Sushi Dee Why Dee Why02 AU -$10.10 $23,188.56"
2026-07-27,SMP*Hero Sushi Dee Why Dee Why02 AU,,Hero Sushi Dee Why Dee Why02,Dining & Coffee,Discretionary,fallback,fallback:sushi,-5.05,5.05,0.00,23183.51,2026-07,High confidence,23,"27 Jul 2026 SMP*Hero Sushi Dee Why Dee Why02 AU -$5.05 $23,183.51"
2026-07-28,KMART 1378 BROOKVALE NS AUS,Card xx0018 | Value Date: 26/07/2026,KMART 1378 BROOKVALE,Shopping,Discretionary,fallback,fallback:kmart,-44.00,44.00,0.00,23139.51,2026-07,High confidence,23,"28 Jul 2026 KMART 1378 BROOKVALE NS AUS -$44.00 $23,139.51 | Card xx0018 | Value Date: 26/07/2026"
2026-07-28,COLES 0784 DEE WHY NS AUS,Card xx0018 | Value Date: 26/07/2026,COLES 0784 DEE WHY,Groceries,Essential,fallback,fallback:coles ,-67.39,67.39,0.00,23072.12,2026-07,High confidence,23,"28 Jul 2026 COLES 0784 DEE WHY NS AUS -$67.39 $23,072.12 | Card xx0018 | Value Date: 26/07/2026"
2026-07-28,TFNSW OPAL FARE SYDNEY AUS,Card xx0018 | Value Date: 25/07/2026,Transport for NSW,Transport,Essential,confirmed,contains:TFNSW OPAL,-4.03,4.03,0.00,23068.09,2026-07,High confidence,23,"28 Jul 2026 TFNSW OPAL FARE SYDNEY AUS -$4.03 $23,068.09 | Card xx0018 | Value Date: 25/07/2026"
2026-07-28,COSTCO WHOLESALE PTY LIDCOMBE AUS,Card xx0018 | Value Date: 25/07/2026,Costco,Groceries,Essential,suggested,contains:COSTCO WHOLESALE,-10.98,10.98,0.00,23057.11,2026-07,High confidence,23,"28 Jul 2026 COSTCO WHOLESALE PTY LIDCOMBE AUS -$10.98 $23,057.11 | Card xx0018 | Value Date: 25/07/2026"
2026-07-28,LS Skyway Restaurant P Katoomba AU AUS,Card xx0018 | Value Date: 25/07/2026,Skyway Restaurant P Katoomba,Dining & Coffee,Discretionary,fallback,fallback:restaurant,-24.90,24.90,0.00,23032.21,2026-07,High confidence,23,"28 Jul 2026 LS Skyway Restaurant P Katoomba AU AUS -$24.90 $23,032.21 | Card xx0018 | Value Date: 25/07/2026"
2026-07-28,SMP*George Street Hub0 Haymarket NS AUS,Card xx0018 | Value Date: 24/07/2026,George Street Hub0 Haymarket,Other,Unknown,unmatched,,-3.99,3.99,0.00,23028.22,2026-07,High confidence,23,"28 Jul 2026 SMP*George Street Hub0 Haymarket NS AUS -$3.99 $23,028.22 | Card xx0018 | Value Date: 24/07/2026"
2026-07-28,Mixue George Street Sydney NS AUS,Card xx0018 | Value Date: 24/07/2026,Mixue George Street Sydney,Other,Unknown,unmatched,,-2.50,2.50,0.00,23025.72,2026-07,High confidence,23,"28 Jul 2026 Mixue George Street Sydney NS AUS -$2.50 $23,025.72 | Card xx0018 | Value Date: 24/07/2026"
2026-07-28,COLES 0784 DEE WHY AU,,COLES 0784 DEE WHY,Groceries,Essential,fallback,fallback:coles ,-23.90,23.90,0.00,23001.82,2026-07,High confidence,23,"28 Jul 2026 COLES 0784 DEE WHY AU -$23.90 $23,001.82"
2026-07-28,SMP*Hero Sushi Dee Why Dee Why02 AU,,Hero Sushi Dee Why Dee Why02,Dining & Coffee,Discretionary,fallback,fallback:sushi,-12.83,12.83,0.00,22988.99,2026-07,High confidence,23,"28 Jul 2026 SMP*Hero Sushi Dee Why Dee Why02 AU -$12.83 $22,988.99"
2026-07-28,TIYEB STORE PTY LTD SYDNEY NSWAU,,TIYEB STORE PTY LTD SYDNEY NSWAU,Groceries,Essential,fallback,fallback:tiyeb store,-4.03,4.03,0.00,22984.96,2026-07,High confidence,23,"28 Jul 2026 TIYEB STORE PTY LTD SYDNEY NSWAU -$4.03 $22,984.96"
2026-07-29,TRANSPORTFORNSW OPAL CHIPPENDALE AUS,Card xx6220 | Value Date: 27/07/2026,Transport for NSW,Transport,Essential,confirmed,contains:TRANSPORTFORNSW,-60.00,60.00,0.00,22924.96,2026-07,High confidence,23,"29 Jul 2026 TRANSPORTFORNSW OPAL CHIPPENDALE AUS -$60.00 $22,924.96 | Card xx6220 | Value Date: 27/07/2026"
2026-07-29,BITE* BBDEE WHY SANCROX NS AUS,Card xx2810 | Value Date: 27/07/2026,BITE* BBDEE WHY SANCROX,Dining & Coffee,Discretionary,fallback,fallback:bite*,-28.80,28.80,0.00,22896.16,2026-07,High confidence,23,"29 Jul 2026 BITE* BBDEE WHY SANCROX NS AUS -$28.80 $22,896.16 | Card xx2810 | Value Date: 27/07/2026"
2026-07-29,VIET VIBE BROOKVALE AUS,Card xx0018 | Value Date: 26/07/2026,VIET VIBE BROOKVALE,Dining & Coffee,Discretionary,fallback,fallback:viet vibe,-6.60,6.60,0.00,22889.56,2026-07,High confidence,24,"29 Jul 2026 VIET VIBE BROOKVALE AUS -$6.60 $22,889.56 | Card xx0018 | Value Date: 26/07/2026"
2026-07-29,TESSUTO Sydney NS AUS,Card xx0018 | Value Date: 28/07/2026,TESSUTO Sydney,Other,Unknown,unmatched,,-8.13,8.13,0.00,22881.43,2026-07,High confidence,24,"29 Jul 2026 TESSUTO Sydney NS AUS -$8.13 $22,881.43 | Card xx0018 | Value Date: 28/07/2026"
2026-07-29,TELLO MOBILE ATLANTA GA USA,Card xx0018 USD 11.80 | Value Date: 26/07/2026,TELLO MOBILE ATLANTA GA,Utilities & Phone,Essential,fallback,fallback:tello mobile,-16.95,16.95,0.00,22864.48,2026-07,High confidence,24,"29 Jul 2026 TELLO MOBILE ATLANTA GA USA -$16.95 $22,864.48 | Card xx0018 USD 11.80 | Value Date: 26/07/2026"
2026-07-29,International Transaction Fee,Value Date: 26/07/2026,International Transaction Fee,Bank Fees,Essential,fallback,fallback:international transaction fee,-0.59,0.59,0.00,22863.89,2026-07,High confidence,24,"29 Jul 2026 International Transaction Fee -$0.59 $22,863.89 | Value Date: 26/07/2026"
2026-07-29,TESSUTO Sydney NS AUS,Card xx0018 | Value Date: 27/07/2026,TESSUTO Sydney,Other,Unknown,unmatched,,-5.08,5.08,0.00,22858.81,2026-07,High confidence,24,"29 Jul 2026 TESSUTO Sydney NS AUS -$5.08 $22,858.81 | Card xx0018 | Value Date: 27/07/2026"
2026-07-29,Chapayom George Stree Sydney NS AUS,Card xx0018 | Value Date: 27/07/2026,Chapayom George Stree Sydney,Other,Unknown,unmatched,,-6.58,6.58,0.00,22852.23,2026-07,High confidence,24,"29 Jul 2026 Chapayom George Stree Sydney NS AUS -$6.58 $22,852.23 | Card xx0018 | Value Date: 27/07/2026"
2026-07-29,SQ *KAHII Sydney AU,,Kahii,Dining & Coffee,Discretionary,suggested,contains:KAHII,-7.10,7.10,0.00,22845.13,2026-07,High confidence,24,"29 Jul 2026 SQ *KAHII Sydney AU -$7.10 $22,845.13"
2026-07-29,COLES 0784 DEE WHY AU,,COLES 0784 DEE WHY,Groceries,Essential,fallback,fallback:coles ,-21.90,21.90,0.00,22823.23,2026-07,High confidence,24,"29 Jul 2026 COLES 0784 DEE WHY AU -$21.90 $22,823.23"
2026-07-29,COLES 0784 DEE WHY AU,,COLES 0784 DEE WHY,Groceries,Essential,fallback,fallback:coles ,-13.35,13.35,0.00,22809.88,2026-07,High confidence,24,"29 Jul 2026 COLES 0784 DEE WHY AU -$13.35 $22,809.88"
2026-07-29,Direct Debit 507156 MBAUDPayments,AMBITIONS_UyB63UG1,Direct Debit 507156 MBAUDPayments,Fitness & Memberships,Discretionary,fallback,fallback:mbaudpayments,-68.00,68.00,0.00,22741.88,2026-07,High confidence,24,"29 Jul 2026 Direct Debit 507156 MBAUDPayments -$68.00 $22,741.88 | AMBITIONS_UyB63UG1"
2026-07-30,AMAZON AU MARKETPLACE SYDNEY AUS,Card xx6220 | Value Date: 28/07/2026,AMAZON MARKETPLACE SYDNEY,Shopping,Discretionary,fallback,fallback:amazon au,-47.27,47.27,0.00,22694.61,2026-07,High confidence,24,"30 Jul 2026 AMAZON AU MARKETPLACE SYDNEY AUS -$47.27 $22,694.61 | Card xx6220 | Value Date: 28/07/2026"
2026-07-30,Cash Traders Northsid Dee Why NS AUS,Card xx2810 | Value Date: 28/07/2026,Cash Traders Northsid Dee Why,Other,Unknown,unmatched,,-130.29,130.29,0.00,22564.32,2026-07,High confidence,24,"30 Jul 2026 Cash Traders Northsid Dee Why NS AUS -$130.29 $22,564.32 | Card xx2810 | Value Date: 28/07/2026"
2026-07-30,HUNGRYPANDA AU PRAHRAN VI AUS,Card xx0018 | Value Date: 28/07/2026,HungryPanda,Dining & Coffee,Discretionary,confirmed,contains:HUNGRYPANDA,-15.57,15.57,0.00,22548.75,2026-07,High confidence,24,"30 Jul 2026 HUNGRYPANDA AU PRAHRAN VI AUS -$15.57 $22,548.75 | Card xx0018 | Value Date: 28/07/2026"
2026-07-30,Guzman Y Gomez Franch Surry Hills NS AUS,Card xx0018 | Value Date: 28/07/2026,Guzman Y Gomez Franch Surry Hills,Dining & Coffee,Discretionary,fallback,fallback:guzman,-27.10,27.10,0.00,22521.65,2026-07,High confidence,24,"30 Jul 2026 Guzman Y Gomez Franch Surry Hills NS AUS -$27.10 $22,521.65 | Card xx0018 | Value Date: 28/07/2026"
2026-07-30,DEFT REAL ESTATE NetBank BPAY 4481 0053436473 Rent may 9 to 23,,DEFT REAL ESTATE NetBank BPAY 4481 Rent may 9 to 23,Housing - Rent,Essential,fallback,fallback:deft real estate,-1720.00,1720.00,0.00,20801.65,2026-07,High confidence,24,"30 Jul 2026 DEFT REAL ESTATE NetBank BPAY 4481 -$1,720.00 $20,801.65 | 0053436473 Rent may 9 to 23"
2026-07-30,ZLR*Cozy & Brew Co. Sydney AU,,Cozy & Brew,Dining & Coffee,Discretionary,confirmed,contains:COZY & BREW,-5.58,5.58,0.00,20796.07,2026-07,High confidence,24,"30 Jul 2026 ZLR*Cozy & Brew Co. Sydney AU -$5.58 $20,796.07"
2026-07-30,Direct Credit 158824 AMAZON COMML SEV,PDY004002039692,Direct Credit 158824 AMAZON COMML SEV,Income - Recurring Direct Credit,Income,system,,9455.02,0.00,9455.02,30251.09,2026-07,High confidence,24,"30 Jul 2026 Direct Credit 158824 AMAZON COMML SEV $9,455.02 $30,251.09 | PDY004002039692"
2026-07-31,HEROSUSHI-DEEWHY Dee Why NS AUS,Card xx2810 | Value Date: 29/07/2026,HEROSUSHI-DEEWHY Dee Why,Dining & Coffee,Discretionary,fallback,fallback:sushi,-7.50,7.50,0.00,30243.59,2026-07,High confidence,24,"31 Jul 2026 HEROSUSHI-DEEWHY Dee Why NS AUS -$7.50 $30,243.59 | Card xx2810 | Value Date: 29/07/2026"
2026-07-31,AMAZON AU MARKETPLACE SYDNEY AUS,Card xx6220 | Value Date: 28/07/2026,AMAZON MARKETPLACE SYDNEY,Shopping,Discretionary,fallback,fallback:amazon au,-9.99,9.99,0.00,30233.60,2026-07,High confidence,25,"31 Jul 2026 AMAZON AU MARKETPLACE SYDNEY AUS -$9.99 $30,233.60 | Card xx6220 | Value Date: 28/07/2026"
2026-07-31,TFNSW OPAL FARE SYDNEY AUS,Card xx0018 | Value Date: 29/07/2026,Transport for NSW,Transport,Essential,confirmed,contains:TFNSW OPAL,-4.49,4.49,0.00,30229.11,2026-07,High confidence,25,"31 Jul 2026 TFNSW OPAL FARE SYDNEY AUS -$4.49 $30,229.11 | Card xx0018 | Value Date: 29/07/2026"
2026-07-31,EJ FAMILY TRUST SYDNEY NS AUS,Card xx0018 | Value Date: 29/07/2026,EJ FAMILY TRUST SYDNEY,Other,Unknown,unmatched,,-12.13,12.13,0.00,30216.98,2026-07,High confidence,25,"31 Jul 2026 EJ FAMILY TRUST SYDNEY NS AUS -$12.13 $30,216.98 | Card xx0018 | Value Date: 29/07/2026"
2026-07-31,WOOLWORTHS 1472 DEE WHY NS AUS,Card xx0018 | Value Date: 29/07/2026,WOOLWORTHS 1472 DEE WHY,Groceries,Essential,fallback,fallback:woolworths,-12.55,12.55,0.00,30204.43,2026-07,High confidence,25,"31 Jul 2026 WOOLWORTHS 1472 DEE WHY NS AUS -$12.55 $30,204.43 | Card xx0018 | Value Date: 29/07/2026"
2026-07-31,SINDBAD GROUP PTY LTD SYDNEY AU AUS,Card xx0018 | Value Date: 29/07/2026,SINDBAD GROUP PTY LTD SYDNEY,Other,Unknown,unmatched,,-10.15,10.15,0.00,30194.28,2026-07,High confidence,25,"31 Jul 2026 SINDBAD GROUP PTY LTD SYDNEY AU AUS -$10.15 $30,194.28 | Card xx0018 | Value Date: 29/07/2026"
2026-07-31,ZLR*Cozy & Brew Co. Sydney AU,,Cozy & Brew,Dining & Coffee,Discretionary,confirmed,contains:COZY & BREW,-5.58,5.58,0.00,30188.70,2026-07,High confidence,25,"31 Jul 2026 ZLR*Cozy & Brew Co. Sydney AU -$5.58 $30,188.70"
2026-07-31,M & J TRADING UP PTY DEE WHY NSWAU,,M & J TRADING UP PTY DEE WHY NSWAU,Other,Unknown,unmatched,,-2.20,2.20,0.00,30186.50,2026-07,High confidence,25,"31 Jul 2026 M & J TRADING UP PTY DEE WHY NSWAU -$2.20 $30,186.50"
2026-08-01,AUSTRALIANSKINCLINICS NORWOOD SA AUS,Card xx0018 | Value Date: 30/07/2026,Australian Skin Clinics,Beauty & Personal Care,Discretionary,confirmed,contains:AUSTRALIANSKINCLINICS,-50.00,50.00,0.00,30136.50,2026-08,High confidence,25,"01 Aug 2026 AUSTRALIANSKINCLINICS NORWOOD SA AUS -$50.00 $30,136.50 | Card xx0018 | Value Date: 30/07/2026"
2026-08-01,HUNGRYPANDA AU PRAHRAN VI AUS,Card xx0018 | Value Date: 30/07/2026,HungryPanda,Dining & Coffee,Discretionary,confirmed,contains:HUNGRYPANDA,-15.57,15.57,0.00,30120.93,2026-08,High confidence,25,"01 Aug 2026 HUNGRYPANDA AU PRAHRAN VI AUS -$15.57 $30,120.93 | Card xx0018 | Value Date: 30/07/2026"
2026-08-01,FLYING HAT SYDNEY AUS,Card xx0018 | Value Date: 29/07/2026,Flying Hat,Dining & Coffee,Discretionary,suggested,contains:FLYING HAT,-6.07,6.07,0.00,30114.86,2026-08,High confidence,25,"01 Aug 2026 FLYING HAT SYDNEY AUS -$6.07 $30,114.86 | Card xx0018 | Value Date: 29/07/2026"
2026-08-01,TFNSW OPAL FARE SYDNEY AUS,Card xx0018 | Value Date: 30/07/2026,Transport for NSW,Transport,Essential,confirmed,contains:TFNSW OPAL,-5.77,5.77,0.00,30109.09,2026-08,High confidence,25,"01 Aug 2026 TFNSW OPAL FARE SYDNEY AUS -$5.77 $30,109.09 | Card xx0018 | Value Date: 30/07/2026"
2026-08-01,CONS CONTINENTAL DELI GLENBROOK AU,,CONS CONTINENTAL DELI GLENBROOK,Dining & Coffee,Discretionary,fallback,fallback:deli,-18.50,18.50,0.00,30090.59,2026-08,High confidence,25,"01 Aug 2026 CONS CONTINENTAL DELI GLENBROOK AU -$18.50 $30,090.59"
2026-08-01,CONS CONTINENTAL DELI GLENBROOK AU,,CONS CONTINENTAL DELI GLENBROOK,Dining & Coffee,Discretionary,fallback,fallback:deli,-8.12,8.12,0.00,30082.47,2026-08,High confidence,25,"01 Aug 2026 CONS CONTINENTAL DELI GLENBROOK AU -$8.12 $30,082.47"
2026-08-01,Reddy Express 1697 Lawson AU,,Reddy Express 1697 Lawson,Dining & Coffee,Discretionary,fallback,fallback:reddy express,-22.67,22.67,0.00,30059.80,2026-08,High confidence,25,"01 Aug 2026 Reddy Express 1697 Lawson AU -$22.67 $30,059.80"
2026-08-02,SQ *SACREBLEU ! CANELE dee why AU,,SACREBLEU ! CANELE dee why,Dining & Coffee,Discretionary,fallback,fallback:canele,-35.03,35.03,0.00,30024.77,2026-08,High confidence,25,"02 Aug 2026 SQ *SACREBLEU ! CANELE dee why AU -$35.03 $30,024.77"
2026-08-02,SQ *SACREBLEU ! CANELE dee why AU,,SACREBLEU ! CANELE dee why,Dining & Coffee,Discretionary,fallback,fallback:canele,-9.64,9.64,0.00,30015.13,2026-08,High confidence,25,"02 Aug 2026 SQ *SACREBLEU ! CANELE dee why AU -$9.64 $30,015.13"
2026-08-02,Transfer To O ARSLAN,PayID Phone from CommBank App | Food,Transfer To O ARSLAN,Transfer Out,Transfer,system,,-6.00,6.00,0.00,30009.13,2026-08,High confidence,25,"02 Aug 2026 Transfer To O ARSLAN -$6.00 $30,009.13 | PayID Phone from CommBank App | Food"
2026-08-02,IGA DEE WHY L0347 DEE WHY NSW AU,,IGA DEE WHY L0347 DEE WHY,Groceries,Essential,fallback,fallback:iga ,-4.49,4.49,0.00,30004.64,2026-08,High confidence,25,"02 Aug 2026 IGA DEE WHY L0347 DEE WHY NSW AU -$4.49 $30,004.64"
2026-08-03,ZLR*Cozy & Brew Co. Sydney AU,,Cozy & Brew,Dining & Coffee,Discretionary,confirmed,contains:COZY & BREW,-5.58,5.58,0.00,29999.06,2026-08,High confidence,25,"03 Aug 2026 ZLR*Cozy & Brew Co. Sydney AU -$5.58 $29,999.06"
2026-08-03,COLES 0784 DEE WHY AU,,COLES 0784 DEE WHY,Groceries,Essential,fallback,fallback:coles ,-23.01,23.01,0.00,29976.05,2026-08,High confidence,25,"03 Aug 2026 COLES 0784 DEE WHY AU -$23.01 $29,976.05"
2026-08-03,Direct Debit 012495 GU HEALTH D/DBT,29497443,Direct Debit 012495 GU HEALTH D/DBT,Health & Pharmacy,Essential,fallback,fallback:gu health d/dbt,-139.08,139.08,0.00,29836.97,2026-08,High confidence,25,"03 Aug 2026 Direct Debit 012495 GU HEALTH D/DBT -$139.08 $29,836.97 | 29497443"
2026-08-04,AMAZON AU MARKETPLACE SYDNEY AUS,Card xx6220 | Value Date: 02/08/2026,AMAZON MARKETPLACE SYDNEY,Shopping,Discretionary,fallback,fallback:amazon au,-57.76,57.76,0.00,29779.21,2026-08,High confidence,26,"04 Aug 2026 AMAZON AU MARKETPLACE SYDNEY AUS -$57.76 $29,779.21 | Card xx6220 | Value Date: 02/08/2026"
2026-08-04,SP ALL THINGS GOLDEN HAWTHORN VI AUS,Card xx6220 | Value Date: 02/08/2026,ALL THINGS GOLDEN HAWTHORN,Other,Unknown,unmatched,,-133.20,133.20,0.00,29646.01,2026-08,High confidence,26,"04 Aug 2026 SP ALL THINGS GOLDEN HAWTHORN VI AUS -$133.20 $29,646.01 | Card xx6220 | Value Date: 02/08/2026"
2026-08-04,AMAZON AU MARKETPLACE SYDNEY AUS,Card xx6220 | Value Date: 31/07/2026,AMAZON MARKETPLACE SYDNEY,Shopping,Discretionary,fallback,fallback:amazon au,-14.29,14.29,0.00,29631.72,2026-08,High confidence,26,"04 Aug 2026 AMAZON AU MARKETPLACE SYDNEY AUS -$14.29 $29,631.72 | Card xx6220 | Value Date: 31/07/2026"
2026-08-04,DEPOP* P471169745292 SYDNEY NS AUS,Card xx6220 | Value Date: 31/07/2026,Depop,Shopping,Discretionary,confirmed,contains:DEPOP,-43.94,43.94,0.00,29587.78,2026-08,High confidence,26,"04 Aug 2026 DEPOP* P471169745292 SYDNEY NS AUS -$43.94 $29,587.78 | Card xx6220 | Value Date: 31/07/2026"
2026-08-04,COSTCO WHOLESALE PTY LIDCOMBE AUS,Card xx2810 | Value Date: 01/08/2026,Costco,Groceries,Essential,suggested,contains:COSTCO WHOLESALE,-7.97,7.97,0.00,29579.81,2026-08,High confidence,26,"04 Aug 2026 COSTCO WHOLESALE PTY LIDCOMBE AUS -$7.97 $29,579.81 | Card xx2810 | Value Date: 01/08/2026"
2026-08-04,The Trustee for Chrom Dee Why NS AUS,Card xx2810 | Value Date: 02/08/2026,The Trustee for Chrom Dee Why,Other,Unknown,unmatched,,-5.47,5.47,0.00,29574.34,2026-08,High confidence,26,"04 Aug 2026 The Trustee for Chrom Dee Why NS AUS -$5.47 $29,574.34 | Card xx2810 | Value Date: 02/08/2026"
2026-08-04,COLES 0784 DEE WHY NS AUS,Card xx2810 | Value Date: 02/08/2026,COLES 0784 DEE WHY,Groceries,Essential,fallback,fallback:coles ,-90.67,90.67,0.00,29483.67,2026-08,High confidence,26,"04 Aug 2026 COLES 0784 DEE WHY NS AUS -$90.67 $29,483.67 | Card xx2810 | Value Date: 02/08/2026"
2026-08-04,COSTCO GAS AUBURN LIDCOMBE AU AUS,Card xx2810 | Value Date: 01/08/2026,Costco Gas,Transport,Essential,confirmed,contains:COSTCO GAS,-40.00,40.00,0.00,29443.67,2026-08,High confidence,26,"04 Aug 2026 COSTCO GAS AUBURN LIDCOMBE AU AUS -$40.00 $29,443.67 | Card xx2810 | Value Date: 01/08/2026"
2026-08-04,COSTCO GAS AUBURN LIDCOMBE AU AUS,Card xx2810 | Value Date: 01/08/2026,Costco Gas,Transport,Essential,confirmed,contains:COSTCO GAS,-40.00,40.00,0.00,29403.67,2026-08,High confidence,26,"04 Aug 2026 COSTCO GAS AUBURN LIDCOMBE AU AUS -$40.00 $29,403.67 | Card xx2810 | Value Date: 01/08/2026"
2026-08-04,BITE* BBDEE WHY SANCROX NS AUS,Card xx2810 | Value Date: 31/07/2026,BITE* BBDEE WHY SANCROX,Dining & Coffee,Discretionary,fallback,fallback:bite*,-28.80,28.80,0.00,29374.87,2026-08,High confidence,26,"04 Aug 2026 BITE* BBDEE WHY SANCROX NS AUS -$28.80 $29,374.87 | Card xx2810 | Value Date: 31/07/2026"
2026-08-04,BWS LIQUOR 6593 DEE WHY NS AUS,Card xx2810 | Value Date: 31/07/2026,BWS LIQUOR 6593 DEE WHY,Dining & Coffee,Discretionary,fallback,fallback:liquor,-25.00,25.00,0.00,29349.87,2026-08,High confidence,26,"04 Aug 2026 BWS LIQUOR 6593 DEE WHY NS AUS -$25.00 $29,349.87 | Card xx2810 | Value Date: 31/07/2026"
2026-08-04,Guzman Y Gomez Franch Surry Hills NS AUS,Card xx0018 | Value Date: 02/08/2026,Guzman Y Gomez Franch Surry Hills,Dining & Coffee,Discretionary,fallback,fallback:guzman,-27.70,27.70,0.00,29322.17,2026-08,High confidence,26,"04 Aug 2026 Guzman Y Gomez Franch Surry Hills NS AUS -$27.70 $29,322.17 | Card xx0018 | Value Date: 02/08/2026"
2026-08-04,COLES 0784 DEE WHY NS AUS,Card xx0018 | Value Date: 01/08/2026,COLES 0784 DEE WHY,Groceries,Essential,fallback,fallback:coles ,-26.93,26.93,0.00,29295.24,2026-08,High confidence,26,"04 Aug 2026 COLES 0784 DEE WHY NS AUS -$26.93 $29,295.24 | Card xx0018 | Value Date: 01/08/2026"
2026-08-04,WEI AND HONG PTY LTD DEE WHY AU AUS,Card xx0018 | Value Date: 01/08/2026,WEI AND HONG PTY LTD DEE WHY,Other,Unknown,unmatched,,-5.08,5.08,0.00,29290.16,2026-08,High confidence,26,"04 Aug 2026 WEI AND HONG PTY LTD DEE WHY AU AUS -$5.08 $29,290.16 | Card xx0018 | Value Date: 01/08/2026"
2026-08-04,eBay O*20-14954-57681 San Jose CA USA,Card xx0018 USD 63.13 | Value Date: 01/08/2026,eBay O*20-14954-57681 San Jose CA,Shopping,Discretionary,fallback,fallback:ebay,-90.33,90.33,0.00,29199.83,2026-08,High confidence,26,"04 Aug 2026 eBay O*20-14954-57681 San Jose CA USA -$90.33 $29,199.83 | Card xx0018 USD 63.13 | Value Date: 01/08/2026"
2026-08-04,International Transaction Fee,Value Date: 01/08/2026,International Transaction Fee,Bank Fees,Essential,fallback,fallback:international transaction fee,-3.16,3.16,0.00,29196.67,2026-08,High confidence,27,"04 Aug 2026 International Transaction Fee -$3.16 $29,196.67 | Value Date: 01/08/2026"
2026-08-04,EJ FAMILY TRUST SYDNEY NS AUS,Card xx0018 | Value Date: 31/07/2026,EJ FAMILY TRUST SYDNEY,Other,Unknown,unmatched,,-16.18,16.18,0.00,29180.49,2026-08,High confidence,27,"04 Aug 2026 EJ FAMILY TRUST SYDNEY NS AUS -$16.18 $29,180.49 | Card xx0018 | Value Date: 31/07/2026"
2026-08-04,eBay O*03-14981-12694 San Jose CA USA,Card xx0018 USD 68.31 | Value Date: 31/07/2026,eBay O*03-14981-12694 San Jose CA,Shopping,Discretionary,fallback,fallback:ebay,-98.71,98.71,0.00,29081.78,2026-08,High confidence,27,"04 Aug 2026 eBay O*03-14981-12694 San Jose CA USA -$98.71 $29,081.78 | Card xx0018 USD 68.31 | Value Date: 31/07/2026"
2026-08-04,International Transaction Fee,Value Date: 31/07/2026,International Transaction Fee,Bank Fees,Essential,fallback,fallback:international transaction fee,-3.45,3.45,0.00,29078.33,2026-08,High confidence,27,"04 Aug 2026 International Transaction Fee -$3.45 $29,078.33 | Value Date: 31/07/2026"
2026-08-04,Gong cha Regent Place Sydney NS AUS,Card xx0018 | Value Date: 31/07/2026,Gong cha Regent Place Sydney,Dining & Coffee,Discretionary,fallback,fallback:gong cha,-8.02,8.02,0.00,29070.31,2026-08,High confidence,27,"04 Aug 2026 Gong cha Regent Place Sydney NS AUS -$8.02 $29,070.31 | Card xx0018 | Value Date: 31/07/2026"
2026-08-04,ZLR*Cozy & Brew Co. Sydney AU,,Cozy & Brew,Dining & Coffee,Discretionary,confirmed,contains:COZY & BREW,-5.58,5.58,0.00,29064.73,2026-08,High confidence,27,"04 Aug 2026 ZLR*Cozy & Brew Co. Sydney AU -$5.58 $29,064.73"
2026-08-05,GLOBAL-E* PEPPER MELBOURNE VI AUS,Card xx6220 | Value Date: 02/08/2026,GLOBAL-E* PEPPER MELBOURNE,Other,Unknown,unmatched,,-170.00,170.00,0.00,28894.73,2026-08,High confidence,27,"05 Aug 2026 GLOBAL-E* PEPPER MELBOURNE VI AUS -$170.00 $28,894.73 | Card xx6220 | Value Date: 02/08/2026"
2026-08-05,W RETAIL GROUP PTY LTD SYDNEY AUS,Card xx0018 | Value Date: 03/08/2026,W RETAIL GROUP PTY LTD SYDNEY,Groceries,Essential,fallback,fallback:w retail group,-45.17,45.17,0.00,28849.56,2026-08,High confidence,27,"05 Aug 2026 W RETAIL GROUP PTY LTD SYDNEY AUS -$45.17 $28,849.56 | Card xx0018 | Value Date: 03/08/2026"
2026-08-05,BEAUTYFASCIA SHERIDAN WY USA,Card xx0018 USD 49.00 | Value Date: 03/08/2026,BeautyFascia,Beauty & Personal Care,Discretionary,confirmed,contains:BEAUTYFASCIA,-70.11,70.11,0.00,28779.45,2026-08,High confidence,27,"05 Aug 2026 BEAUTYFASCIA SHERIDAN WY USA -$70.11 $28,779.45 | Card xx0018 USD 49.00 | Value Date: 03/08/2026"
2026-08-05,International Transaction Fee,Value Date: 02/08/2026,International Transaction Fee,Bank Fees,Essential,fallback,fallback:international transaction fee,-2.45,2.45,0.00,28777.00,2026-08,High confidence,27,"05 Aug 2026 International Transaction Fee -$2.45 $28,777.00 | Value Date: 02/08/2026"
2026-08-05,Guzman Y Gomez Franch Surry Hills NS AUS,Card xx0018 | Value Date: 03/08/2026,Guzman Y Gomez Franch Surry Hills,Dining & Coffee,Discretionary,fallback,fallback:guzman,-27.10,27.10,0.00,28749.90,2026-08,High confidence,27,"05 Aug 2026 Guzman Y Gomez Franch Surry Hills NS AUS -$27.10 $28,749.90 | Card xx0018 | Value Date: 03/08/2026"
2026-08-05,ZLR*Cozy & Brew Co. Sydney AU,,Cozy & Brew,Dining & Coffee,Discretionary,confirmed,contains:COZY & BREW,-5.58,5.58,0.00,28744.32,2026-08,High confidence,27,"05 Aug 2026 ZLR*Cozy & Brew Co. Sydney AU -$5.58 $28,744.32"
2026-08-05,Direct Debit 507156 MBAUDPayments,AMBITIONS_V1ngiDmK,Direct Debit 507156 MBAUDPayments,Fitness & Memberships,Discretionary,fallback,fallback:mbaudpayments,-68.00,68.00,0.00,28676.32,2026-08,High confidence,27,"05 Aug 2026 Direct Debit 507156 MBAUDPayments -$68.00 $28,676.32 | AMBITIONS_V1ngiDmK"
2026-08-06,COSTCO WHOLESALE PTY LIDCOMBE AUS,Card xx2810 | Value Date: 05/08/2026,Costco,Groceries,Essential,suggested,contains:COSTCO WHOLESALE,-4.98,4.98,0.00,28671.34,2026-08,High confidence,27,"06 Aug 2026 COSTCO WHOLESALE PTY LIDCOMBE AUS -$4.98 $28,671.34 | Card xx2810 | Value Date: 05/08/2026"
2026-08-06,BITE* BBDEE WHY SANCROX NS AUS,Card xx2810 | Value Date: 04/08/2026,BITE* BBDEE WHY SANCROX,Dining & Coffee,Discretionary,fallback,fallback:bite*,-29.82,29.82,0.00,28641.52,2026-08,High confidence,27,"06 Aug 2026 BITE* BBDEE WHY SANCROX NS AUS -$29.82 $28,641.52 | Card xx2810 | Value Date: 04/08/2026"
2026-08-06,TRANSPORTFORNSW OPAL CHIPPENDALE AUS,Card xx6220 | Value Date: 04/08/2026,Transport for NSW,Transport,Essential,confirmed,contains:TRANSPORTFORNSW,-60.00,60.00,0.00,28581.52,2026-08,High confidence,27,"06 Aug 2026 TRANSPORTFORNSW OPAL CHIPPENDALE AUS -$60.00 $28,581.52 | Card xx6220 | Value Date: 04/08/2026"
2026-08-06,LS Parami SYDNEY AU AUS,Card xx0018 | Value Date: 04/08/2026,Parami SYDNEY,Dining & Coffee,Discretionary,fallback,fallback:parami,-25.01,25.01,0.00,28556.51,2026-08,High confidence,27,"06 Aug 2026 LS Parami SYDNEY AU AUS -$25.01 $28,556.51 | Card xx0018 | Value Date: 04/08/2026"
2026-08-07,COSTCO AUBURN LIDCOMBE NS AUS,Card xx2810 | Value Date: 05/08/2026,Costco,Groceries,Essential,suggested,contains:COSTCO AUBURN,-137.72,137.72,0.00,28418.79,2026-08,High confidence,28,"07 Aug 2026 COSTCO AUBURN LIDCOMBE NS AUS -$137.72 $28,418.79 | Card xx2810 | Value Date: 05/08/2026"
2026-08-07,Adidas AU Pty Ltd Mulgrave AU AUS,Card xx0018 | Value Date: 05/08/2026,Adidas,Shopping,Discretionary,confirmed,contains:ADIDAS,-176.00,176.00,0.00,28242.79,2026-08,High confidence,28,"07 Aug 2026 Adidas AU Pty Ltd Mulgrave AU AUS -$176.00 $28,242.79 | Card xx0018 | Value Date: 05/08/2026"
2026-08-07,KMART 1378 BROOKVALE AU,,KMART 1378 BROOKVALE,Shopping,Discretionary,fallback,fallback:kmart,-25.00,25.00,0.00,28217.79,2026-08,High confidence,28,"07 Aug 2026 KMART 1378 BROOKVALE AU -$25.00 $28,217.79"
2026-08-07,Molly Tea Regent Plac Sydney AU,,Molly Tea Regent Plac Sydney,Dining & Coffee,Discretionary,fallback,fallback:tea ,-8.03,8.03,0.00,28209.76,2026-08,High confidence,28,"07 Aug 2026 Molly Tea Regent Plac Sydney AU -$8.03 $28,209.76"
2026-08-07,Direct Debit 518073 Crunch Fitness -,EZYPAYID_104998070,Direct Debit 518073 Crunch Fitness,Fitness & Memberships,Discretionary,fallback,fallback:crunch fitness,-22.90,22.90,0.00,28186.86,2026-08,High confidence,28,"07 Aug 2026 Direct Debit 518073 Crunch Fitness - -$22.90 $28,186.86 | EZYPAYID_104998070"
2026-08-07,Direct Debit 518073 Crunch Fitness -,EZYPAYID_104997467,Direct Debit 518073 Crunch Fitness,Fitness & Memberships,Discretionary,fallback,fallback:crunch fitness,-30.90,30.90,0.00,28155.96,2026-08,High confidence,28,"07 Aug 2026 Direct Debit 518073 Crunch Fitness - -$30.90 $28,155.96 | EZYPAYID_104997467"
2026-08-08,COLES 0784 DEE WHY NS AUS,Card xx2810 | Value Date: 06/08/2026,COLES 0784 DEE WHY,Groceries,Essential,fallback,fallback:coles ,-39.03,39.03,0.00,28116.93,2026-08,High confidence,28,"08 Aug 2026 COLES 0784 DEE WHY NS AUS -$39.03 $28,116.93 | Card xx2810 | Value Date: 06/08/2026"
2026-08-08,TFNSW OPAL FARE SYDNEY AUS,Card xx0018 | Value Date: 06/08/2026,Transport for NSW,Transport,Essential,confirmed,contains:TFNSW OPAL,-5.77,5.77,0.00,28111.16,2026-08,High confidence,28,"08 Aug 2026 TFNSW OPAL FARE SYDNEY AUS -$5.77 $28,111.16 | Card xx0018 | Value Date: 06/08/2026"
2026-08-08,SQ *ALL PURPOSE BAKERY Sydney NS AUS,Card xx0018 | Value Date: 06/08/2026,ALL PURPOSE BAKERY Sydney,Dining & Coffee,Discretionary,fallback,fallback:bakery,-9.09,9.09,0.00,28102.07,2026-08,High confidence,28,"08 Aug 2026 SQ *ALL PURPOSE BAKERY Sydney NS AUS -$9.09 $28,102.07 | Card xx0018 | Value Date: 06/08/2026"
2026-08-08,SQ *OFFSET X D Sydney NS AUS,Card xx0018 | Value Date: 06/08/2026,OFFSET X D Sydney,Other,Unknown,unmatched,,-6.10,6.10,0.00,28095.97,2026-08,High confidence,28,"08 Aug 2026 SQ *OFFSET X D Sydney NS AUS -$6.10 $28,095.97 | Card xx0018 | Value Date: 06/08/2026"
2026-08-08,COLES 0784 DEE WHY AU,,COLES 0784 DEE WHY,Groceries,Essential,fallback,fallback:coles ,-12.83,12.83,0.00,28083.14,2026-08,High confidence,28,"08 Aug 2026 COLES 0784 DEE WHY AU -$12.83 $28,083.14"
2026-08-08,UNITED EMPIRE BAY EMPIRE BAY AU,,UNITED EMPIRE BAY EMPIRE BAY,Other,Unknown,unmatched,,-9.00,9.00,0.00,28074.14,2026-08,High confidence,28,"08 Aug 2026 UNITED EMPIRE BAY EMPIRE BAY AU -$9.00 $28,074.14"
2026-08-09,COLES 0784 DEE WHY AU,,COLES 0784 DEE WHY,Groceries,Essential,fallback,fallback:coles ,-4.00,4.00,0.00,28070.14,2026-08,High confidence,28,"09 Aug 2026 COLES 0784 DEE WHY AU -$4.00 $28,070.14"
2026-08-09,COLES 0784 DEE WHY AU,,COLES 0784 DEE WHY,Groceries,Essential,fallback,fallback:coles ,-16.50,16.50,0.00,28053.64,2026-08,High confidence,28,"09 Aug 2026 COLES 0784 DEE WHY AU -$16.50 $28,053.64"
2026-08-10,MUJI RETAIL (AUSTRAL SYDNEY AU,,MUJI RETAIL (AUSTRAL SYDNEY,Shopping,Discretionary,fallback,fallback:muji retail,-31.30,31.30,0.00,28022.34,2026-08,High confidence,28,"10 Aug 2026 MUJI RETAIL (AUSTRAL SYDNEY AU -$31.30 $28,022.34"
2026-08-11,ENERGYAUSTRALIA PTY LT MELBOURNE AUS,Card xx6220 | Value Date: 08/08/2026,ENERGYAUSTRALIA PTY LT MELBOURNE,Utilities & Phone,Essential,fallback,fallback:energyaustralia,-223.98,223.98,0.00,27798.36,2026-08,High confidence,28,"11 Aug 2026 ENERGYAUSTRALIA PTY LT MELBOURNE AUS -$223.98 $27,798.36 | Card xx6220 | Value Date: 08/08/2026"
2026-08-11,"GS1 US, INC. 6096204612 NJ USA",Card xx6220 USD 30.00 | Value Date: 07/08/2026,GS1 US,Education & Professional,Work/Admin,suggested,contains:GS1 US,-42.70,42.70,0.00,27755.66,2026-08,High confidence,28,"11 Aug 2026 GS1 US, INC. 6096204612 NJ USA -$42.70 $27,755.66 | Card xx6220 USD 30.00 | Value Date: 07/08/2026"
2026-08-11,International Transaction Fee,Value Date: 07/08/2026,International Transaction Fee,Bank Fees,Essential,fallback,fallback:international transaction fee,-1.49,1.49,0.00,27754.17,2026-08,High confidence,28,"11 Aug 2026 International Transaction Fee -$1.49 $27,754.17 | Value Date: 07/08/2026"
2026-08-11,NSW National Parks Parramatta NS AUS,Card xx2810 | Value Date: 08/08/2026,NSW National Parks,Entertainment & Experiences,Irregular,confirmed,contains:NSW NATIONAL PARKS,-8.00,8.00,0.00,27746.17,2026-08,High confidence,28,"11 Aug 2026 NSW National Parks Parramatta NS AUS -$8.00 $27,746.17 | Card xx2810 | Value Date: 08/08/2026"
2026-08-11,Bambolina D&C Dee Why NS AUS,Card xx2810 | Value Date: 09/08/2026,Bambolina D&C Dee Why,Dining & Coffee,Discretionary,fallback,fallback:bambolina,-5.50,5.50,0.00,27740.67,2026-08,High confidence,28,"11 Aug 2026 Bambolina D&C Dee Why NS AUS -$5.50 $27,740.67 | Card xx2810 | Value Date: 09/08/2026"
2026-08-11,SQ *HANK'S SPECIALTY C Ettalong Beac NS AUS,Card xx2810 | Value Date: 08/08/2026,HANK'S SPECIALTY C Ettalong Beac,Other,Unknown,unmatched,,-21.00,21.00,0.00,27719.67,2026-08,High confidence,29,"11 Aug 2026 SQ *HANK'S SPECIALTY C Ettalong Beac NS AUS -$21.00 $27,719.67 | Card xx2810 | Value Date: 08/08/2026"
2026-08-11,THE REJECT SHOP A100 BROOKVALE NS AUS,Card xx2810 | Value Date: 07/08/2026,THE REJECT SHOP A100 BROOKVALE,Shopping,Discretionary,fallback,fallback:reject shop,-17.75,17.75,0.00,27701.92,2026-08,High confidence,29,"11 Aug 2026 THE REJECT SHOP A100 BROOKVALE NS AUS -$17.75 $27,701.92 | Card xx2810 | Value Date: 07/08/2026"
2026-08-11,SQ *SULO?S SHISH KEBAB Ettalong Beac NS AUS,Card xx2810 | Value Date: 08/08/2026,SULO?S SHISH KEBAB Ettalong Beac,Dining & Coffee,Discretionary,fallback,fallback:kebab,-70.82,70.82,0.00,27631.10,2026-08,High confidence,29,"11 Aug 2026 SQ *SULO?S SHISH KEBAB Ettalong Beac NS AUS -$70.82 $27,631.10 | Card xx2810 | Value Date: 08/08/2026"
2026-08-11,SQ *FOUR BROTHERS ESPR Warringah Mal NS AUS,Card xx2810 | Value Date: 07/08/2026,FOUR BROTHERS ESPR Warringah Mal,Other,Unknown,unmatched,,-5.38,5.38,0.00,27625.72,2026-08,High confidence,29,"11 Aug 2026 SQ *FOUR BROTHERS ESPR Warringah Mal NS AUS -$5.38 $27,625.72 | Card xx2810 | Value Date: 07/08/2026"
2026-08-11,SQ *WINGMILL Dee Why NS AUS,Card xx2810 | Value Date: 07/08/2026,WINGMILL Dee Why,Dining & Coffee,Discretionary,fallback,fallback:wingmill,-61.00,61.00,0.00,27564.72,2026-08,High confidence,29,"11 Aug 2026 SQ *WINGMILL Dee Why NS AUS -$61.00 $27,564.72 | Card xx2810 | Value Date: 07/08/2026"
2026-08-11,SQ *WINGMILL Dee Why NS AUS,Card xx2810 | Value Date: 07/08/2026,WINGMILL Dee Why,Dining & Coffee,Discretionary,fallback,fallback:wingmill,-6.00,6.00,0.00,27558.72,2026-08,High confidence,29,"11 Aug 2026 SQ *WINGMILL Dee Why NS AUS -$6.00 $27,558.72 | Card xx2810 | Value Date: 07/08/2026"
2026-08-11,Return eBay O*03-14981-12694 San Jose CA USA,Card xx0018 USD 68.31 | Value Date: 08/08/2026,Return eBay O*03-14981-12694 San Jose CA,Income - Refund/Reimbursement,Income,system,,97.31,0.00,97.31,27656.03,2026-08,High confidence,29,"11 Aug 2026 Return eBay O*03-14981-12694 San Jose CA USA $97.31 $27,656.03 | Card xx0018 USD 68.31 | Value Date: 08/08/2026"
2026-08-11,SQ *SACREBLEU ] CANELE dee why NS AUS,Card xx0018 | Value Date: 09/08/2026,SACREBLEU ] CANELE dee why,Dining & Coffee,Discretionary,fallback,fallback:canele,-35.04,35.04,0.00,27620.99,2026-08,High confidence,29,"11 Aug 2026 SQ *SACREBLEU ] CANELE dee why NS AUS -$35.04 $27,620.99 | Card xx0018 | Value Date: 09/08/2026"
2026-08-11,SQ *DY LOCAL Dee Why NS AUS,Card xx0018 | Value Date: 09/08/2026,DY LOCAL Dee Why,Other,Unknown,unmatched,,-10.20,10.20,0.00,27610.79,2026-08,High confidence,29,"11 Aug 2026 SQ *DY LOCAL Dee Why NS AUS -$10.20 $27,610.79 | Card xx0018 | Value Date: 09/08/2026"
2026-08-11,COLES 0784 DEE WHY NS AUS,Card xx0018 | Value Date: 09/08/2026,COLES 0784 DEE WHY,Groceries,Essential,fallback,fallback:coles ,-63.85,63.85,0.00,27546.94,2026-08,High confidence,29,"11 Aug 2026 COLES 0784 DEE WHY NS AUS -$63.85 $27,546.94 | Card xx0018 | Value Date: 09/08/2026"
2026-08-11,TFNSW OPAL FARE SYDNEY AUS,Card xx0018 | Value Date: 08/08/2026,Transport for NSW,Transport,Essential,confirmed,contains:TFNSW OPAL,-4.03,4.03,0.00,27542.91,2026-08,High confidence,29,"11 Aug 2026 TFNSW OPAL FARE SYDNEY AUS -$4.03 $27,542.91 | Card xx0018 | Value Date: 08/08/2026"
2026-08-11,FLYING HAT SYDNEY AUS,Card xx0018 | Value Date: 07/08/2026,Flying Hat,Dining & Coffee,Discretionary,suggested,contains:FLYING HAT,-6.07,6.07,0.00,27536.84,2026-08,High confidence,29,"11 Aug 2026 FLYING HAT SYDNEY AUS -$6.07 $27,536.84 | Card xx0018 | Value Date: 07/08/2026"
2026-08-11,SQ *HANK'S SPECIALTY C Ettalong Beac NS AUS,Card xx0018 | Value Date: 08/08/2026,HANK'S SPECIALTY C Ettalong Beac,Other,Unknown,unmatched,,-21.50,21.50,0.00,27515.34,2026-08,High confidence,29,"11 Aug 2026 SQ *HANK'S SPECIALTY C Ettalong Beac NS AUS -$21.50 $27,515.34 | Card xx0018 | Value Date: 08/08/2026"
2026-08-11,SQ *BARREL BELOW Sydney NS AUS,Card xx0018 | Value Date: 07/08/2026,Barrel Below,Dining & Coffee,Discretionary,suggested,contains:BARREL BELOW,-4.05,4.05,0.00,27511.29,2026-08,High confidence,29,"11 Aug 2026 SQ *BARREL BELOW Sydney NS AUS -$4.05 $27,511.29 | Card xx0018 | Value Date: 07/08/2026"
2026-08-11,LS NORTHERN BEACHES R BROOKVALE AU,,NORTHERN BEACHES R BROOKVALE,Other,Unknown,unmatched,,-15.00,15.00,0.00,27496.29,2026-08,High confidence,29,"11 Aug 2026 LS NORTHERN BEACHES R BROOKVALE AU -$15.00 $27,496.29"
2026-08-11,LS NORTHERN BEACHES R BROOKVALE AU,,NORTHERN BEACHES R BROOKVALE,Other,Unknown,unmatched,,-7.00,7.00,0.00,27489.29,2026-08,High confidence,29,"11 Aug 2026 LS NORTHERN BEACHES R BROOKVALE AU -$7.00 $27,489.29"
2026-08-12,AMAZON AU MARKETPLACE SYDNEY AUS,Card xx6220 | Value Date: 09/08/2026,AMAZON MARKETPLACE SYDNEY,Shopping,Discretionary,fallback,fallback:amazon au,-67.12,67.12,0.00,27422.17,2026-08,High confidence,30,"12 Aug 2026 AMAZON AU MARKETPLACE SYDNEY AUS -$67.12 $27,422.17 | Card xx6220 | Value Date: 09/08/2026"
2026-08-12,AMAZON AU MARKETPLACE SYDNEY AUS,Card xx6220 | Value Date: 09/08/2026,AMAZON MARKETPLACE SYDNEY,Shopping,Discretionary,fallback,fallback:amazon au,-24.94,24.94,0.00,27397.23,2026-08,High confidence,30,"12 Aug 2026 AMAZON AU MARKETPLACE SYDNEY AUS -$24.94 $27,397.23 | Card xx6220 | Value Date: 09/08/2026"
2026-08-12,AMAZON AU MARKETPLACE SYDNEY AUS,Card xx6220 | Value Date: 09/08/2026,AMAZON MARKETPLACE SYDNEY,Shopping,Discretionary,fallback,fallback:amazon au,-22.45,22.45,0.00,27374.78,2026-08,High confidence,30,"12 Aug 2026 AMAZON AU MARKETPLACE SYDNEY AUS -$22.45 $27,374.78 | Card xx6220 | Value Date: 09/08/2026"
2026-08-12,SQ *BARREL BELOW Sydney NS AUS,Card xx0018 | Value Date: 11/08/2026,Barrel Below,Dining & Coffee,Discretionary,suggested,contains:BARREL BELOW,-4.45,4.45,0.00,27370.33,2026-08,High confidence,30,"12 Aug 2026 SQ *BARREL BELOW Sydney NS AUS -$4.45 $27,370.33 | Card xx0018 | Value Date: 11/08/2026"
2026-08-12,SQ *BARREL BELOW Sydney NS AUS,Card xx0018 | Value Date: 10/08/2026,Barrel Below,Dining & Coffee,Discretionary,suggested,contains:BARREL BELOW,-9.11,9.11,0.00,27361.22,2026-08,High confidence,30,"12 Aug 2026 SQ *BARREL BELOW Sydney NS AUS -$9.11 $27,361.22 | Card xx0018 | Value Date: 10/08/2026"
2026-08-12,DODO SERVICES PTY LTD MELBOURNE VI AUS,Card xx0018 | Value Date: 08/08/2026,DODO SERVICES PTY LTD MELBOURNE,Utilities & Phone,Essential,fallback,fallback:dodo services,-73.99,73.99,0.00,27287.23,2026-08,High confidence,30,"12 Aug 2026 DODO SERVICES PTY LTD MELBOURNE VI AUS -$73.99 $27,287.23 | Card xx0018 | Value Date: 08/08/2026"
2026-08-12,Guzman Y Gomez Franch Surry Hills NS AUS,Card xx0018 | Value Date: 10/08/2026,Guzman Y Gomez Franch Surry Hills,Dining & Coffee,Discretionary,fallback,fallback:guzman,-27.10,27.10,0.00,27260.13,2026-08,High confidence,30,"12 Aug 2026 Guzman Y Gomez Franch Surry Hills NS AUS -$27.10 $27,260.13 | Card xx0018 | Value Date: 10/08/2026"
2026-08-12,AUTO DYNAMICS MECHANICALSBROOKVALE AU,,Auto Dynamics,Transport,Irregular,confirmed,contains:AUTO DYNAMICS,-100.00,100.00,0.00,27160.13,2026-08,High confidence,30,"12 Aug 2026 AUTO DYNAMICS MECHANICALSBROOKVALE AU -$100.00 $27,160.13"
2026-08-12,COLES 0784 DEE WHY AU,,COLES 0784 DEE WHY,Groceries,Essential,fallback,fallback:coles ,-7.80,7.80,0.00,27152.33,2026-08,High confidence,30,"12 Aug 2026 COLES 0784 DEE WHY AU -$7.80 $27,152.33"
2026-08-12,Direct Debit 507156 MBAUDPayments,AMBITIONS_V3QG2oGk,Direct Debit 507156 MBAUDPayments,Fitness & Memberships,Discretionary,fallback,fallback:mbaudpayments,-68.00,68.00,0.00,27084.33,2026-08,High confidence,30,"12 Aug 2026 Direct Debit 507156 MBAUDPayments -$68.00 $27,084.33 | AMBITIONS_V3QG2oGk"
2026-08-13,SQ *7 PERCENT COFFEE Sydney NS AUS,Card xx0018 | Value Date: 11/08/2026,7 PERCENT COFFEE Sydney,Dining & Coffee,Discretionary,fallback,fallback:coffee,-9.14,9.14,0.00,27075.19,2026-08,High confidence,30,"13 Aug 2026 SQ *7 PERCENT COFFEE Sydney NS AUS -$9.14 $27,075.19 | Card xx0018 | Value Date: 11/08/2026"
2026-08-13,WOOLWORTHS 1472 DEE WHY NS AUS,Card xx0018 | Value Date: 11/08/2026,WOOLWORTHS 1472 DEE WHY,Groceries,Essential,fallback,fallback:woolworths,-8.55,8.55,0.00,27066.64,2026-08,High confidence,30,"13 Aug 2026 WOOLWORTHS 1472 DEE WHY NS AUS -$8.55 $27,066.64 | Card xx0018 | Value Date: 11/08/2026"
2026-08-13,DEFT REAL ESTATE NetBank BPAY 4481 0053436473 Rent may 9 to 23,,DEFT REAL ESTATE NetBank BPAY 4481 Rent may 9 to 23,Housing - Rent,Essential,fallback,fallback:deft real estate,-1720.00,1720.00,0.00,25346.64,2026-08,High confidence,30,"13 Aug 2026 DEFT REAL ESTATE NetBank BPAY 4481 -$1,720.00 $25,346.64 | 0053436473 Rent may 9 to 23"
2026-08-14,COLES 0784 DEE WHY NS AUS,Card xx2810 | Value Date: 12/08/2026,COLES 0784 DEE WHY,Groceries,Essential,fallback,fallback:coles ,-36.70,36.70,0.00,25309.94,2026-08,High confidence,30,"14 Aug 2026 COLES 0784 DEE WHY NS AUS -$36.70 $25,309.94 | Card xx2810 | Value Date: 12/08/2026"
2026-08-14,TFNSW OPAL FARE SYDNEY AUS,Card xx0018 | Value Date: 12/08/2026,Transport for NSW,Transport,Essential,confirmed,contains:TFNSW OPAL,-4.03,4.03,0.00,25305.91,2026-08,High confidence,30,"14 Aug 2026 TFNSW OPAL FARE SYDNEY AUS -$4.03 $25,305.91 | Card xx0018 | Value Date: 12/08/2026"
2026-08-14,SQ *BARREL BELOW Sydney NS AUS,Card xx0018 | Value Date: 13/08/2026,Barrel Below,Dining & Coffee,Discretionary,suggested,contains:BARREL BELOW,-4.05,4.05,0.00,25301.86,2026-08,High confidence,30,"14 Aug 2026 SQ *BARREL BELOW Sydney NS AUS -$4.05 $25,301.86 | Card xx0018 | Value Date: 13/08/2026"
2026-08-14,SQ *BARREL BELOW Sydney NS AUS,Card xx0018 | Value Date: 12/08/2026,Barrel Below,Dining & Coffee,Discretionary,suggested,contains:BARREL BELOW,-4.05,4.05,0.00,25297.81,2026-08,High confidence,30,"14 Aug 2026 SQ *BARREL BELOW Sydney NS AUS -$4.05 $25,297.81 | Card xx0018 | Value Date: 12/08/2026"
2026-08-14,JANOR GODDARD DEE WHY NSW AU,,JANOR GODDARD DEE WHY,Other,Unknown,unmatched,,-21.50,21.50,0.00,25276.31,2026-08,High confidence,31,"14 Aug 2026 JANOR GODDARD DEE WHY NSW AU -$21.50 $25,276.31"
2026-08-14,Warringah Medical Brookvale AU,,Warringah Medical Brookvale,Health & Pharmacy,Essential,fallback,fallback:medical,-90.00,90.00,0.00,25186.31,2026-08,High confidence,31,"14 Aug 2026 Warringah Medical Brookvale AU -$90.00 $25,186.31"
2026-08-14,TK MAXX WARRINGAH BROOKVALE NSWAU,,TK MAXX WARRINGAH BROOKVALE NSWAU,Shopping,Discretionary,fallback,fallback:tk maxx,-39.47,39.47,0.00,25146.84,2026-08,High confidence,31,"14 Aug 2026 TK MAXX WARRINGAH BROOKVALE NSWAU -$39.47 $25,146.84"
2026-08-14,KMART 1378 BROOKVALE AU,,KMART 1378 BROOKVALE,Shopping,Discretionary,fallback,fallback:kmart,-7.00,7.00,0.00,25139.84,2026-08,High confidence,31,"14 Aug 2026 KMART 1378 BROOKVALE AU -$7.00 $25,139.84"
2026-08-14,THE BUREK GUY DEE WHY NSW AU,,THE BUREK GUY DEE WHY,Dining & Coffee,Discretionary,fallback,fallback:burek,-6.11,6.11,0.00,25133.73,2026-08,High confidence,31,"14 Aug 2026 THE BUREK GUY DEE WHY NSW AU -$6.11 $25,133.73"
2026-08-15,AMAZON AU RETAIL SYDNEY AUS,Card xx6220 | Value Date: 12/08/2026,AMAZON RETAIL SYDNEY,Shopping,Discretionary,fallback,fallback:amazon au,-40.95,40.95,0.00,25092.78,2026-08,High confidence,31,"15 Aug 2026 AMAZON AU RETAIL SYDNEY AUS -$40.95 $25,092.78 | Card xx6220 | Value Date: 12/08/2026"
2026-08-15,SQ *WINGMILL Dee Why NS AUS,Card xx2810 | Value Date: 13/08/2026,WINGMILL Dee Why,Dining & Coffee,Discretionary,fallback,fallback:wingmill,-54.00,54.00,0.00,25038.78,2026-08,High confidence,31,"15 Aug 2026 SQ *WINGMILL Dee Why NS AUS -$54.00 $25,038.78 | Card xx2810 | Value Date: 13/08/2026"
2026-08-15,U GO MT COLAH MOUNT COLAH AU,,U GO MT COLAH MOUNT COLAH,Other,Unknown,unmatched,,-50.00,50.00,0.00,24988.78,2026-08,High confidence,31,"15 Aug 2026 U GO MT COLAH MOUNT COLAH AU -$50.00 $24,988.78"
2026-08-15,DARYA PERSIAN S'MARKET HORNSBY NSW AU,,DARYA PERSIAN S'MARKET HORNSBY,Other,Unknown,unmatched,,-13.50,13.50,0.00,24975.28,2026-08,High confidence,31,"15 Aug 2026 DARYA PERSIAN S'MARKET HORNSBY NSW AU -$13.50 $24,975.28"
2026-08-15,SMP*JAAM E JAM SUPERMA0 HORNSBY02 AU,,JAAM E JAM SUPERMA0 HORNSBY02,Other,Unknown,unmatched,,-15.25,15.25,0.00,24960.03,2026-08,High confidence,31,"15 Aug 2026 SMP*JAAM E JAM SUPERMA0 HORNSBY02 AU -$15.25 $24,960.03"
2026-08-15,DARYA PERSIAN S'MARKET HORNSBY NSW AU,,DARYA PERSIAN S'MARKET HORNSBY,Other,Unknown,unmatched,,-22.00,22.00,0.00,24938.03,2026-08,High confidence,31,"15 Aug 2026 DARYA PERSIAN S'MARKET HORNSBY NSW AU -$22.00 $24,938.03"
2026-08-15,IKEA RHODES RHODES AU,,IKEA RHODES RHODES,Home & Household,Essential,fallback,fallback:ikea,-41.50,41.50,0.00,24896.53,2026-08,High confidence,31,"15 Aug 2026 IKEA RHODES RHODES AU -$41.50 $24,896.53"
2026-08-15,IKEA RHODES RHODES AU,,IKEA RHODES RHODES,Home & Household,Essential,fallback,fallback:ikea,-21.23,21.23,0.00,24875.30,2026-08,High confidence,31,"15 Aug 2026 IKEA RHODES RHODES AU -$21.23 $24,875.30"
2026-08-15,IKEA RHODES RHODES AU,,IKEA RHODES RHODES,Home & Household,Essential,fallback,fallback:ikea,-3.50,3.50,0.00,24871.80,2026-08,High confidence,31,"15 Aug 2026 IKEA RHODES RHODES AU -$3.50 $24,871.80"
2026-08-16,RAINBOWMEDICINE,,Rainbow Medicine,Health & Pharmacy,Essential,confirmed,contains:RAINBOWMEDICINE,-204.60,204.60,0.00,24667.20,2026-08,High confidence,31,"16 Aug 2026 RAINBOWMEDICINE -$204.60 $24,667.20"
2026-08-17,SMP*Hero Sushi Dee Why Dee Why02 AU,,Hero Sushi Dee Why Dee Why02,Dining & Coffee,Discretionary,fallback,fallback:sushi,-5.05,5.05,0.00,24662.15,2026-08,High confidence,31,"17 Aug 2026 SMP*Hero Sushi Dee Why Dee Why02 AU -$5.05 $24,662.15"
2026-08-17,Direct Credit 158824 AMAZON COMMERCIA,FCS004610529212,Direct Credit 158824 AMAZON COMMERCIA,Income - Recurring Direct Credit,Income,system,,826.62,0.00,826.62,25488.77,2026-08,High confidence,31,"17 Aug 2026 Direct Credit 158824 AMAZON COMMERCIA $826.62 $25,488.77 | FCS004610529212"
2026-08-17,Direct Debit 545383 Telstra Services,699x57f3,Direct Debit 545383 Telstra Services,Utilities & Phone,Essential,fallback,fallback:telstra services,-138.00,138.00,0.00,25350.77,2026-08,High confidence,31,"17 Aug 2026 Direct Debit 545383 Telstra Services -$138.00 $25,350.77 | 699x57f3"
2026-08-18,AMAZON AU MARKETPLACE SYDNEY AUS,Card xx6220 | Value Date: 15/08/2026,AMAZON MARKETPLACE SYDNEY,Shopping,Discretionary,fallback,fallback:amazon au,-55.99,55.99,0.00,25294.78,2026-08,High confidence,31,"18 Aug 2026 AMAZON AU MARKETPLACE SYDNEY AUS -$55.99 $25,294.78 | Card xx6220 | Value Date: 15/08/2026"
2026-08-18,TRANSPORTFORNSW OPAL CHIPPENDALE AUS,Card xx6220 | Value Date: 13/08/2026,Transport for NSW,Transport,Essential,confirmed,contains:TRANSPORTFORNSW,-60.00,60.00,0.00,25234.78,2026-08,High confidence,31,"18 Aug 2026 TRANSPORTFORNSW OPAL CHIPPENDALE AUS -$60.00 $25,234.78 | Card xx6220 | Value Date: 13/08/2026"
2026-08-18,Bare Naked Bowls Dee Dee Why NS AUS,Card xx2810 | Value Date: 16/08/2026,Bare Naked Bowls,Dining & Coffee,Discretionary,confirmed,contains:BARE NAKED BOWLS,-5.53,5.53,0.00,25229.25,2026-08,High confidence,31,"18 Aug 2026 Bare Naked Bowls Dee Dee Why NS AUS -$5.53 $25,229.25 | Card xx2810 | Value Date: 16/08/2026"
2026-08-18,SQ *SACREBLEU ] CANELE dee why NS AUS,Card xx2810 | Value Date: 16/08/2026,SACREBLEU ] CANELE dee why,Dining & Coffee,Discretionary,fallback,fallback:canele,-26.41,26.41,0.00,25202.84,2026-08,High confidence,31,"18 Aug 2026 SQ *SACREBLEU ] CANELE dee why NS AUS -$26.41 $25,202.84 | Card xx2810 | Value Date: 16/08/2026"
2026-08-18,COLES 0944 DEE WHY NS AUS,Card xx2810 | Value Date: 16/08/2026,COLES 0944 DEE WHY,Groceries,Essential,fallback,fallback:coles ,-82.38,82.38,0.00,25120.46,2026-08,High confidence,31,"18 Aug 2026 COLES 0944 DEE WHY NS AUS -$82.38 $25,120.46 | Card xx2810 | Value Date: 16/08/2026"
2026-08-18,BWS LIQUOR 6593 DEE WHY NS AUS,Card xx2810 | Value Date: 16/08/2026,BWS LIQUOR 6593 DEE WHY,Dining & Coffee,Discretionary,fallback,fallback:liquor,-14.00,14.00,0.00,25106.46,2026-08,High confidence,32,"18 Aug 2026 BWS LIQUOR 6593 DEE WHY NS AUS -$14.00 $25,106.46 | Card xx2810 | Value Date: 16/08/2026"
2026-08-18,BITE* BBDEE WHY SANCROX NS AUS,Card xx2810 | Value Date: 14/08/2026,BITE* BBDEE WHY SANCROX,Dining & Coffee,Discretionary,fallback,fallback:bite*,-35.92,35.92,0.00,25070.54,2026-08,High confidence,32,"18 Aug 2026 BITE* BBDEE WHY SANCROX NS AUS -$35.92 $25,070.54 | Card xx2810 | Value Date: 14/08/2026"
2026-08-18,SQ *JD'S FAMILY CAFE & Kariong NS AUS,Card xx0018 | Value Date: 15/08/2026,JD'S FAMILY CAFE & Kariong,Dining & Coffee,Discretionary,fallback,fallback:cafe,-24.67,24.67,0.00,25045.87,2026-08,High confidence,32,"18 Aug 2026 SQ *JD'S FAMILY CAFE & Kariong NS AUS -$24.67 $25,045.87 | Card xx0018 | Value Date: 15/08/2026"
2026-08-18,SQ *BUNSIK RHODES Rhodes NS AUS,Card xx0018 | Value Date: 15/08/2026,BUNSIK RHODES Rhodes,Other,Unknown,unmatched,,-9.10,9.10,0.00,25036.77,2026-08,High confidence,32,"18 Aug 2026 SQ *BUNSIK RHODES Rhodes NS AUS -$9.10 $25,036.77 | Card xx0018 | Value Date: 15/08/2026"
2026-08-18,TFNSW OPAL FARE SYDNEY AUS,Card xx0018 | Value Date: 14/08/2026,Transport for NSW,Transport,Essential,confirmed,contains:TFNSW OPAL,-10.26,10.26,0.00,25026.51,2026-08,High confidence,32,"18 Aug 2026 TFNSW OPAL FARE SYDNEY AUS -$10.26 $25,026.51 | Card xx0018 | Value Date: 14/08/2026"
2026-08-18,FLYING HAT SYDNEY AUS,Card xx0018 | Value Date: 13/08/2026,Flying Hat,Dining & Coffee,Discretionary,suggested,contains:FLYING HAT,-6.07,6.07,0.00,25020.44,2026-08,High confidence,32,"18 Aug 2026 FLYING HAT SYDNEY AUS -$6.07 $25,020.44 | Card xx0018 | Value Date: 13/08/2026"
2026-08-18,100 CLARENCE PTY LTD SYDNEY AUS,Card xx0018 | Value Date: 13/08/2026,100 CLARENCE PTY LTD SYDNEY,Other,Unknown,unmatched,,-3.55,3.55,0.00,25016.89,2026-08,High confidence,32,"18 Aug 2026 100 CLARENCE PTY LTD SYDNEY AUS -$3.55 $25,016.89 | Card xx0018 | Value Date: 13/08/2026"
2026-08-18,SQ *LAVERTY PATHOLOGY Brookvale NS AUS,Card xx0018 | Value Date: 14/08/2026,Laverty Pathology,Health & Pharmacy,Essential,confirmed,contains:LAVERTY PATHOLOGY,-385.00,385.00,0.00,24631.89,2026-08,High confidence,32,"18 Aug 2026 SQ *LAVERTY PATHOLOGY Brookvale NS AUS -$385.00 $24,631.89 | Card xx0018 | Value Date: 14/08/2026"
2026-08-18,SQ *ROYAL COPENHAGEN D Dee Why NS AUS,Card xx0018 | Value Date: 14/08/2026,ROYAL COPENHAGEN D Dee Why,Dining & Coffee,Discretionary,fallback,fallback:royal copenhagen,-5.08,5.08,0.00,24626.81,2026-08,High confidence,32,"18 Aug 2026 SQ *ROYAL COPENHAGEN D Dee Why NS AUS -$5.08 $24,626.81 | Card xx0018 | Value Date: 14/08/2026"
2026-08-18,IGA DEE WHY L0347 DEE WHY NS AUS,Card xx0018 | Value Date: 14/08/2026,IGA DEE WHY L0347 DEE WHY,Groceries,Essential,fallback,fallback:iga ,-4.49,4.49,0.00,24622.32,2026-08,High confidence,32,"18 Aug 2026 IGA DEE WHY L0347 DEE WHY NS AUS -$4.49 $24,622.32 | Card xx0018 | Value Date: 14/08/2026"
2026-08-18,Direct Credit 406712 GRAND UNITED GU HEALTH 29497443,,Direct Credit 406712 GRAND UNITED GU HEALTH,Income - Refund/Reimbursement,Income,system,,67.60,0.00,67.60,24689.92,2026-08,High confidence,32,"18 Aug 2026 Direct Credit 406712 GRAND UNITED $67.60 $24,689.92 | GU HEALTH 29497443"
2026-08-19,THE REJECT SHOP A117 DEE WHY NS AUS,Card xx2810 | Value Date: 16/08/2026,THE REJECT SHOP A117 DEE WHY,Shopping,Discretionary,fallback,fallback:reject shop,-5.00,5.00,0.00,24684.92,2026-08,High confidence,32,"19 Aug 2026 THE REJECT SHOP A117 DEE WHY NS AUS -$5.00 $24,684.92 | Card xx2810 | Value Date: 16/08/2026"
2026-08-19,VIET VIBE BROOKVALE AUS,Card xx0018 | Value Date: 14/08/2026,VIET VIBE BROOKVALE,Dining & Coffee,Discretionary,fallback,fallback:viet vibe,-6.60,6.60,0.00,24678.32,2026-08,High confidence,32,"19 Aug 2026 VIET VIBE BROOKVALE AUS -$6.60 $24,678.32 | Card xx0018 | Value Date: 14/08/2026"
2026-08-19,SLC WARRINGAH MALL P BROOKVALE NS AUS,Card xx0018 | Value Date: 14/08/2026,SLC WARRINGAH MALL P BROOKVALE,Other,Unknown,unmatched,,-499.00,499.00,0.00,24179.32,2026-08,High confidence,32,"19 Aug 2026 SLC WARRINGAH MALL P BROOKVALE NS AUS -$499.00 $24,179.32 | Card xx0018 | Value Date: 14/08/2026"
2026-08-19,Netflix.com Melbourne VI AUS,Card xx0018 | Value Date: 18/08/2026,Netflix.com Melbourne,Subscriptions & Donations,Discretionary,fallback,fallback:netflix,-9.99,9.99,0.00,24169.33,2026-08,High confidence,32,"19 Aug 2026 Netflix.com Melbourne VI AUS -$9.99 $24,169.33 | Card xx0018 | Value Date: 18/08/2026"
2026-08-19,SQ *BARREL BELOW Sydney NS AUS,Card xx0018 | Value Date: 17/08/2026,Barrel Below,Dining & Coffee,Discretionary,suggested,contains:BARREL BELOW,-4.05,4.05,0.00,24165.28,2026-08,High confidence,33,"19 Aug 2026 SQ *BARREL BELOW Sydney NS AUS -$4.05 $24,165.28 | Card xx0018 | Value Date: 17/08/2026"
2026-08-19,SQ *7 PERCENT COFFEE Sydney NS AUS,Card xx0018 | Value Date: 17/08/2026,7 PERCENT COFFEE Sydney,Dining & Coffee,Discretionary,fallback,fallback:coffee,-5.08,5.08,0.00,24160.20,2026-08,High confidence,33,"19 Aug 2026 SQ *7 PERCENT COFFEE Sydney NS AUS -$5.08 $24,160.20 | Card xx0018 | Value Date: 17/08/2026"
2026-08-19,Guzman Y Gomez Franch Surry Hills NS AUS,Card xx0018 | Value Date: 17/08/2026,Guzman Y Gomez Franch Surry Hills,Dining & Coffee,Discretionary,fallback,fallback:guzman,-27.10,27.10,0.00,24133.10,2026-08,High confidence,33,"19 Aug 2026 Guzman Y Gomez Franch Surry Hills NS AUS -$27.10 $24,133.10 | Card xx0018 | Value Date: 17/08/2026"
2026-08-19,KOV SMART FOODKOV SMART FSydney AU,,KOV SMART FOODKOV SMART FSydney,Dining & Coffee,Discretionary,fallback,fallback:food,-7.08,7.08,0.00,24126.02,2026-08,High confidence,33,"19 Aug 2026 KOV SMART FOODKOV SMART FSydney AU -$7.08 $24,126.02"
2026-08-19,SUSHI N PLUS PTY LTD SYDNEY NSW AU,,SUSHI N PLUS PTY LTD SYDNEY,Dining & Coffee,Discretionary,fallback,fallback:sushi,-5.06,5.06,0.00,24120.96,2026-08,High confidence,33,"19 Aug 2026 SUSHI N PLUS PTY LTD SYDNEY NSW AU -$5.06 $24,120.96"
2026-08-19,Hungry Jacks WoolloomoolooAU,,Hungry Jacks WoolloomoolooAU,Other,Unknown,unmatched,,-11.75,11.75,0.00,24109.21,2026-08,High confidence,33,"19 Aug 2026 Hungry Jacks WoolloomoolooAU -$11.75 $24,109.21"
2026-08-19,Direct Debit 507156 MBAUDPayments,AMBITIONS_V62qGp2Q,Direct Debit 507156 MBAUDPayments,Fitness & Memberships,Discretionary,fallback,fallback:mbaudpayments,-68.00,68.00,0.00,24041.21,2026-08,High confidence,33,"19 Aug 2026 Direct Debit 507156 MBAUDPayments -$68.00 $24,041.21 | AMBITIONS_V62qGp2Q"
2026-08-20,Return AMAZON AU MARKETPLACE SYDNEY AUS,Card xx6220 | Value Date: 17/08/2026,Return AMAZON MARKETPLACE SYDNEY,Income - Refund/Reimbursement,Income,system,,19.99,0.00,19.99,24061.20,2026-08,High confidence,33,"20 Aug 2026 Return AMAZON AU MARKETPLACE SYDNEY AUS $19.99 $24,061.20 | Card xx6220 | Value Date: 17/08/2026"
2026-08-20,Kwik Kopy Market Stree Sydney NS AUS,Card xx6220 | Value Date: 17/08/2026,Kwik Kopy,Education & Professional,Work/Admin,suggested,contains:KWIK KOPY,-826.62,826.62,0.00,23234.58,2026-08,High confidence,33,"20 Aug 2026 Kwik Kopy Market Stree Sydney NS AUS -$826.62 $23,234.58 | Card xx6220 | Value Date: 17/08/2026"
2026-08-20,SQ *BARREL BELOW Sydney NS AUS,Card xx0018 | Value Date: 18/08/2026,Barrel Below,Dining & Coffee,Discretionary,suggested,contains:BARREL BELOW,-4.05,4.05,0.00,23230.53,2026-08,High confidence,33,"20 Aug 2026 SQ *BARREL BELOW Sydney NS AUS -$4.05 $23,230.53 | Card xx0018 | Value Date: 18/08/2026"
2026-08-20,CHEMIST WAREHOUSE DEE WHY NS AUS,Card xx0018 | Value Date: 17/08/2026,CHEMIST WAREHOUSE DEE WHY,Health & Pharmacy,Essential,fallback,fallback:chemist warehouse,-15.99,15.99,0.00,23214.54,2026-08,High confidence,33,"20 Aug 2026 CHEMIST WAREHOUSE DEE WHY NS AUS -$15.99 $23,214.54 | Card xx0018 | Value Date: 17/08/2026"
2026-08-20,JOHNNYGIOSPIZ* DEE WHY MARSDEN PARK NS AUS,Card xx0018 | Value Date: 18/08/2026,JOHNNYGIOSPIZ* DEE WHY MARSDEN PARK,Dining & Coffee,Discretionary,fallback,fallback:johnnygio,-35.92,35.92,0.00,23178.62,2026-08,High confidence,33,"20 Aug 2026 JOHNNYGIOSPIZ* DEE WHY MARSDEN PARK NS -$35.92 $23,178.62 | AUS | Card xx0018 | Value Date: 18/08/2026"
2026-08-20,Direct Debit 518073 Crunch Fitness -,EZYPAYID_106075737,Direct Debit 518073 Crunch Fitness,Fitness & Memberships,Discretionary,fallback,fallback:crunch fitness,-22.90,22.90,0.00,23155.72,2026-08,High confidence,33,"20 Aug 2026 Direct Debit 518073 Crunch Fitness - -$22.90 $23,155.72 | EZYPAYID_106075737"
2026-08-20,Direct Debit 518073 Crunch Fitness -,EZYPAYID_106074735,Direct Debit 518073 Crunch Fitness,Fitness & Memberships,Discretionary,fallback,fallback:crunch fitness,-30.90,30.90,0.00,23124.82,2026-08,High confidence,33,"20 Aug 2026 Direct Debit 518073 Crunch Fitness - -$30.90 $23,124.82 | EZYPAYID_106074735"
2026-08-21,SQ *P'NUT DEE WHY Dee Why NS AUS,Card xx6220 | Value Date: 19/08/2026,P'NUT DEE WHY Dee Why,Other,Unknown,unmatched,,-18.90,18.90,0.00,23105.92,2026-08,High confidence,33,"21 Aug 2026 SQ *P'NUT DEE WHY Dee Why NS AUS -$18.90 $23,105.92 | Card xx6220 | Value Date: 19/08/2026"
2026-08-21,SQ *BARREL BELOW Sydney NS AUS,Card xx0018 | Value Date: 19/08/2026,Barrel Below,Dining & Coffee,Discretionary,suggested,contains:BARREL BELOW,-4.05,4.05,0.00,23101.87,2026-08,High confidence,33,"21 Aug 2026 SQ *BARREL BELOW Sydney NS AUS -$4.05 $23,101.87 | Card xx0018 | Value Date: 19/08/2026"
2026-08-21,AURIENTO PTY LTD LANE COVE NS AUS,Card xx0018 | Value Date: 19/08/2026,AURIENTO PTY LTD LANE COVE,Other,Unknown,unmatched,,-55.00,55.00,0.00,23046.87,2026-08,High confidence,33,"21 Aug 2026 AURIENTO PTY LTD LANE COVE NS AUS -$55.00 $23,046.87 | Card xx0018 | Value Date: 19/08/2026"
2026-08-21,UBER *TRIP HELP.UBER.C Sydney AU AUS,Card xx0018 | Value Date: 19/08/2026,UBER *TRIP HELP.UBER.C Sydney,Transport,Essential,fallback,fallback:uber *trip,-45.64,45.64,0.00,23001.23,2026-08,High confidence,34,"21 Aug 2026 UBER *TRIP HELP.UBER.C Sydney AU AUS -$45.64 $23,001.23 | Card xx0018 | Value Date: 19/08/2026"
2026-08-21,UBER *TRIP HELP.UBER.C Sydney AU AUS,Card xx0018 | Value Date: 19/08/2026,UBER *TRIP HELP.UBER.C Sydney,Transport,Essential,fallback,fallback:uber *trip,-5.08,5.08,0.00,22996.15,2026-08,High confidence,34,"21 Aug 2026 UBER *TRIP HELP.UBER.C Sydney AU AUS -$5.08 $22,996.15 | Card xx0018 | Value Date: 19/08/2026"
2026-08-21,Direct Credit 406712 GRAND UNITED GU HEALTH 29497443,,Direct Credit 406712 GRAND UNITED GU HEALTH,Income - Refund/Reimbursement,Income,system,,160.00,0.00,160.00,23156.15,2026-08,High confidence,34,"21 Aug 2026 Direct Credit 406712 GRAND UNITED $160.00 $23,156.15 | GU HEALTH 29497443"
2026-08-22,COLES 0784 DEE WHY NS AUS,Card xx2810 | Value Date: 20/08/2026,COLES 0784 DEE WHY,Groceries,Essential,fallback,fallback:coles ,-37.30,37.30,0.00,23118.85,2026-08,High confidence,34,"22 Aug 2026 COLES 0784 DEE WHY NS AUS -$37.30 $23,118.85 | Card xx2810 | Value Date: 20/08/2026"
2026-08-22,TFNSW OPAL FARE SYDNEY AUS,Card xx0018 | Value Date: 20/08/2026,Transport for NSW,Transport,Essential,confirmed,contains:TFNSW OPAL,-4.49,4.49,0.00,23114.36,2026-08,High confidence,34,"22 Aug 2026 TFNSW OPAL FARE SYDNEY AUS -$4.49 $23,114.36 | Card xx0018 | Value Date: 20/08/2026"
2026-08-22,100 CLARENCE PTY LTD SYDNEY AUS,Card xx0018 | Value Date: 19/08/2026,100 CLARENCE PTY LTD SYDNEY,Other,Unknown,unmatched,,-3.04,3.04,0.00,23111.32,2026-08,High confidence,34,"22 Aug 2026 100 CLARENCE PTY LTD SYDNEY AUS -$3.04 $23,111.32 | Card xx0018 | Value Date: 19/08/2026"
2026-08-22,SQ *BARREL BELOW Sydney NS AUS,Card xx0018 | Value Date: 20/08/2026,Barrel Below,Dining & Coffee,Discretionary,suggested,contains:BARREL BELOW,-4.05,4.05,0.00,23107.27,2026-08,High confidence,34,"22 Aug 2026 SQ *BARREL BELOW Sydney NS AUS -$4.05 $23,107.27 | Card xx0018 | Value Date: 20/08/2026"
2026-08-22,SQ *STOCK MARKET KITCH Sydney NS AUS,Card xx0018 | Value Date: 20/08/2026,Stock Market Kitchen,Dining & Coffee,Discretionary,confirmed,contains:STOCK MARKET KITCH,-13.90,13.90,0.00,23093.37,2026-08,High confidence,34,"22 Aug 2026 SQ *STOCK MARKET KITCH Sydney NS AUS -$13.90 $23,093.37 | Card xx0018 | Value Date: 20/08/2026"
2026-08-22,Warringah Medical Brookvale AU,,Warringah Medical Brookvale,Health & Pharmacy,Essential,fallback,fallback:medical,-90.00,90.00,0.00,23003.37,2026-08,High confidence,34,"22 Aug 2026 Warringah Medical Brookvale AU -$90.00 $23,003.37"
2026-08-22,TATRA DELICATESSEN PARRAMATTA NSWAU,,TATRA DELICATESSEN PARRAMATTA NSWAU,Dining & Coffee,Discretionary,fallback,fallback:deli,-30.34,30.34,0.00,22973.03,2026-08,High confidence,34,"22 Aug 2026 TATRA DELICATESSEN PARRAMATTA NSWAU -$30.34 $22,973.03"
2026-08-22,ZLR*Paper Plane Cafe Parramatta AU,,Paper Plane Cafe Parramatta,Dining & Coffee,Discretionary,fallback,fallback:cafe,-5.05,5.05,0.00,22967.98,2026-08,High confidence,34,"22 Aug 2026 ZLR*Paper Plane Cafe Parramatta AU -$5.05 $22,967.98"
2026-08-23,COZY BREW SPECIALTY CO CROMER AU,,COZY BREW SPECIALTY CO CROMER,Other,Unknown,unmatched,,-5.09,5.09,0.00,22962.89,2026-08,High confidence,34,"23 Aug 2026 COZY BREW SPECIALTY CO CROMER AU -$5.09 $22,962.89"
2026-08-23,SQ *ROTI PIES North Narrabe AU,,ROTI PIES North Narrabe,Other,Unknown,unmatched,,-12.00,12.00,0.00,22950.89,2026-08,High confidence,34,"23 Aug 2026 SQ *ROTI PIES North Narrabe AU -$12.00 $22,950.89"
2026-08-24,COLES 0784 DEE WHY AU,,COLES 0784 DEE WHY,Groceries,Essential,fallback,fallback:coles ,-9.05,9.05,0.00,22941.84,2026-08,High confidence,34,"24 Aug 2026 COLES 0784 DEE WHY AU -$9.05 $22,941.84"
2026-08-25,LS Austrian Beer Bar a Narrabeen AU AUS,Card xx2810 | Value Date: 23/08/2026,Austrian Beer Bar a Narrabeen,Other,Unknown,unmatched,,-50.88,50.88,0.00,22890.96,2026-08,High confidence,34,"25 Aug 2026 LS Austrian Beer Bar a Narrabeen AU AUS -$50.88 $22,890.96 | Card xx2810 | Value Date: 23/08/2026"
2026-08-25,SQ *SACREBLEU ] CANELE dee why NS AUS,Card xx2810 | Value Date: 23/08/2026,SACREBLEU ] CANELE dee why,Dining & Coffee,Discretionary,fallback,fallback:canele,-19.28,19.28,0.00,22871.68,2026-08,High confidence,34,"25 Aug 2026 SQ *SACREBLEU ] CANELE dee why NS AUS -$19.28 $22,871.68 | Card xx2810 | Value Date: 23/08/2026"
2026-08-25,COLES 0784 DEE WHY NS AUS,Card xx2810 | Value Date: 22/08/2026,COLES 0784 DEE WHY,Groceries,Essential,fallback,fallback:coles ,-26.80,26.80,0.00,22844.88,2026-08,High confidence,34,"25 Aug 2026 COLES 0784 DEE WHY NS AUS -$26.80 $22,844.88 | Card xx2810 | Value Date: 22/08/2026"
2026-08-25,EUROPEAN TASTE DELI Roseville NS AUS,Card xx2810 | Value Date: 22/08/2026,EUROPEAN TASTE DELI Roseville,Dining & Coffee,Discretionary,fallback,fallback:deli,-94.60,94.60,0.00,22750.28,2026-08,High confidence,34,"25 Aug 2026 EUROPEAN TASTE DELI Roseville NS AUS -$94.60 $22,750.28 | Card xx2810 | Value Date: 22/08/2026"
2026-08-25,SQ *WINGMILL Dee Why NS AUS,Card xx2810 | Value Date: 21/08/2026,WINGMILL Dee Why,Dining & Coffee,Discretionary,fallback,fallback:wingmill,-75.00,75.00,0.00,22675.28,2026-08,High confidence,34,"25 Aug 2026 SQ *WINGMILL Dee Why NS AUS -$75.00 $22,675.28 | Card xx2810 | Value Date: 21/08/2026"
2026-08-25,Subway Dee Why Dee Why NS AUS,Card xx0018 | Value Date: 22/08/2026,Subway Dee Why Dee Why,Dining & Coffee,Discretionary,fallback,fallback:subway,-20.95,20.95,0.00,22654.33,2026-08,High confidence,35,"25 Aug 2026 Subway Dee Why Dee Why NS AUS -$20.95 $22,654.33 | Card xx0018 | Value Date: 22/08/2026"
2026-08-25,Parramatta City Counci Parramatta NS AUS,Card xx0018 | Value Date: 22/08/2026,Parramatta City Counci Parramatta,Other,Unknown,unmatched,,-2.00,2.00,0.00,22652.33,2026-08,High confidence,35,"25 Aug 2026 Parramatta City Counci Parramatta NS AUS -$2.00 $22,652.33 | Card xx0018 | Value Date: 22/08/2026"
2026-08-25,TFNSW OPAL FARE SYDNEY AUS,Card xx0018 | Value Date: 22/08/2026,Transport for NSW,Transport,Essential,confirmed,contains:TFNSW OPAL,-4.03,4.03,0.00,22648.30,2026-08,High confidence,35,"25 Aug 2026 TFNSW OPAL FARE SYDNEY AUS -$4.03 $22,648.30 | Card xx0018 | Value Date: 22/08/2026"
2026-08-25,COLES 0784 DEE WHY NS AUS,Card xx0018 | Value Date: 23/08/2026,COLES 0784 DEE WHY,Groceries,Essential,fallback,fallback:coles ,-68.60,68.60,0.00,22579.70,2026-08,High confidence,35,"25 Aug 2026 COLES 0784 DEE WHY NS AUS -$68.60 $22,579.70 | Card xx0018 | Value Date: 23/08/2026"
2026-08-25,SQ *PATAGONIA 2.0 Brookvale NS AUS,Card xx0018 | Value Date: 22/08/2026,Patagonia,Shopping,Discretionary,confirmed,contains:PATAGONIA,-34.81,34.81,0.00,22544.89,2026-08,High confidence,35,"25 Aug 2026 SQ *PATAGONIA 2.0 Brookvale NS AUS -$34.81 $22,544.89 | Card xx0018 | Value Date: 22/08/2026"
2026-08-25,SQ *ROYAL COPENHAGEN D Dee Why NS AUS,Card xx0018 | Value Date: 22/08/2026,ROYAL COPENHAGEN D Dee Why,Dining & Coffee,Discretionary,fallback,fallback:royal copenhagen,-5.08,5.08,0.00,22539.81,2026-08,High confidence,35,"25 Aug 2026 SQ *ROYAL COPENHAGEN D Dee Why NS AUS -$5.08 $22,539.81 | Card xx0018 | Value Date: 22/08/2026"
2026-08-25,BWS LIQUOR 6593 DEE WHY NS AUS,Card xx0018 | Value Date: 22/08/2026,BWS LIQUOR 6593 DEE WHY,Dining & Coffee,Discretionary,fallback,fallback:liquor,-15.00,15.00,0.00,22524.81,2026-08,High confidence,35,"25 Aug 2026 BWS LIQUOR 6593 DEE WHY NS AUS -$15.00 $22,524.81 | Card xx0018 | Value Date: 22/08/2026"
2026-08-25,FLYING HAT SYDNEY AUS,Card xx0018 | Value Date: 20/08/2026,Flying Hat,Dining & Coffee,Discretionary,suggested,contains:FLYING HAT,-6.07,6.07,0.00,22518.74,2026-08,High confidence,35,"25 Aug 2026 FLYING HAT SYDNEY AUS -$6.07 $22,518.74 | Card xx0018 | Value Date: 20/08/2026"
2026-08-25,SQ *BARREL BELOW Sydney NS AUS,Card xx0018 | Value Date: 21/08/2026,Barrel Below,Dining & Coffee,Discretionary,suggested,contains:BARREL BELOW,-4.05,4.05,0.00,22514.69,2026-08,High confidence,35,"25 Aug 2026 SQ *BARREL BELOW Sydney NS AUS -$4.05 $22,514.69 | Card xx0018 | Value Date: 21/08/2026"
2026-08-25,SQ *BUONGIORNO] Sydney NS AUS,Card xx0018 | Value Date: 21/08/2026,BUONGIORNO] Sydney,Other,Unknown,unmatched,,-20.20,20.20,0.00,22494.49,2026-08,High confidence,35,"25 Aug 2026 SQ *BUONGIORNO] Sydney NS AUS -$20.20 $22,494.49 | Card xx0018 | Value Date: 21/08/2026"
2026-08-25,Warringah Medical Brookvale AU,,Warringah Medical Brookvale,Health & Pharmacy,Essential,fallback,fallback:medical,-90.00,90.00,0.00,22404.49,2026-08,High confidence,35,"25 Aug 2026 Warringah Medical Brookvale AU -$90.00 $22,404.49"
2026-08-25,COLES 0784 DEE WHY AU,,COLES 0784 DEE WHY,Groceries,Essential,fallback,fallback:coles ,-3.82,3.82,0.00,22400.67,2026-08,High confidence,35,"25 Aug 2026 COLES 0784 DEE WHY AU -$3.82 $22,400.67"
2026-08-25,ALDI STORES DEE WHY NSWAU,,ALDI,Groceries,Essential,confirmed,contains:ALDI STORES,-32.09,32.09,0.00,22368.58,2026-08,High confidence,35,"25 Aug 2026 ALDI STORES DEE WHY NSWAU -$32.09 $22,368.58"
2026-08-25,M & J TRADING UP PTY DEE WHY NSWAU,,M & J TRADING UP PTY DEE WHY NSWAU,Other,Unknown,unmatched,,-6.20,6.20,0.00,22362.38,2026-08,High confidence,35,"25 Aug 2026 M & J TRADING UP PTY DEE WHY NSWAU -$6.20 $22,362.38"
2026-08-25,Direct Credit 406712 GRAND UNITED GU HEALTH 29497443,,Direct Credit 406712 GRAND UNITED GU HEALTH,Income - Refund/Reimbursement,Income,system,,67.60,0.00,67.60,22429.98,2026-08,High confidence,35,"25 Aug 2026 Direct Credit 406712 GRAND UNITED $67.60 $22,429.98 | GU HEALTH 29497443"
2026-08-26,AMAZON AU RETAIL SYDNEY AUS,Card xx6220 | Value Date: 22/08/2026,AMAZON RETAIL SYDNEY,Shopping,Discretionary,fallback,fallback:amazon au,-41.94,41.94,0.00,22388.04,2026-08,High confidence,35,"26 Aug 2026 AMAZON AU RETAIL SYDNEY AUS -$41.94 $22,388.04 | Card xx6220 | Value Date: 22/08/2026"
2026-08-26,AMAZON AU RETAIL SYDNEY AUS,Card xx6220 | Value Date: 23/08/2026,AMAZON RETAIL SYDNEY,Shopping,Discretionary,fallback,fallback:amazon au,-16.70,16.70,0.00,22371.34,2026-08,High confidence,35,"26 Aug 2026 AMAZON AU RETAIL SYDNEY AUS -$16.70 $22,371.34 | Card xx6220 | Value Date: 23/08/2026"
2026-08-26,AMAZON AU MARKETPLACE SYDNEY AUS,Card xx6220 | Value Date: 23/08/2026,AMAZON MARKETPLACE SYDNEY,Shopping,Discretionary,fallback,fallback:amazon au,-24.89,24.89,0.00,22346.45,2026-08,High confidence,35,"26 Aug 2026 AMAZON AU MARKETPLACE SYDNEY AUS -$24.89 $22,346.45 | Card xx6220 | Value Date: 23/08/2026"
2026-08-26,JETSTARZPPZ5G COLLINGWOOD VI AUS,Card xx6220 | Value Date: 23/08/2026,JETSTARZPPZ5G COLLINGWOOD,Travel,Irregular,fallback,fallback:jetstar,-418.00,418.00,0.00,21928.45,2026-08,High confidence,36,"26 Aug 2026 JETSTARZPPZ5G COLLINGWOOD VI AUS -$418.00 $21,928.45 | Card xx6220 | Value Date: 23/08/2026"
2026-08-26,AMAZON AU RETAIL SYDNEY AUS,Card xx6220 | Value Date: 23/08/2026,AMAZON RETAIL SYDNEY,Shopping,Discretionary,fallback,fallback:amazon au,-22.79,22.79,0.00,21905.66,2026-08,High confidence,36,"26 Aug 2026 AMAZON AU RETAIL SYDNEY AUS -$22.79 $21,905.66 | Card xx6220 | Value Date: 23/08/2026"
2026-08-26,SQ *BARREL BELOW Sydney NS AUS,Card xx0018 | Value Date: 24/08/2026,Barrel Below,Dining & Coffee,Discretionary,suggested,contains:BARREL BELOW,-4.05,4.05,0.00,21901.61,2026-08,High confidence,36,"26 Aug 2026 SQ *BARREL BELOW Sydney NS AUS -$4.05 $21,901.61 | Card xx0018 | Value Date: 24/08/2026"
2026-08-26,SQ *CHUBBY CUBBY CAFE Sydney NS AUS,Card xx0018 | Value Date: 24/08/2026,CHUBBY CUBBY CAFE Sydney,Dining & Coffee,Discretionary,fallback,fallback:cafe,-5.08,5.08,0.00,21896.53,2026-08,High confidence,36,"26 Aug 2026 SQ *CHUBBY CUBBY CAFE Sydney NS AUS -$5.08 $21,896.53 | Card xx0018 | Value Date: 24/08/2026"
2026-08-26,FISHER RD STORE DEE WHY NS AUS,Card xx0018 | Value Date: 23/08/2026,FISHER RD STORE DEE WHY,Other,Unknown,unmatched,,-7.03,7.03,0.00,21889.50,2026-08,High confidence,36,"26 Aug 2026 FISHER RD STORE DEE WHY NS AUS -$7.03 $21,889.50 | Card xx0018 | Value Date: 23/08/2026"
2026-08-26,CHEMIST WAREHOUSE DEE WHY NS AUS,Card xx0018 | Value Date: 22/08/2026,CHEMIST WAREHOUSE DEE WHY,Health & Pharmacy,Essential,fallback,fallback:chemist warehouse,-21.98,21.98,0.00,21867.52,2026-08,High confidence,36,"26 Aug 2026 CHEMIST WAREHOUSE DEE WHY NS AUS -$21.98 $21,867.52 | Card xx0018 | Value Date: 22/08/2026"
2026-08-26,Otogo Sydney NS AUS,Card xx0018 | Value Date: 24/08/2026,Otogo Sydney,Dining & Coffee,Discretionary,fallback,fallback:otogo,-11.17,11.17,0.00,21856.35,2026-08,High confidence,36,"26 Aug 2026 Otogo Sydney NS AUS -$11.17 $21,856.35 | Card xx0018 | Value Date: 24/08/2026"
2026-08-26,-THE-ICONIC-896000000 BARANGAROO NS AUS,Card xx0018 | Value Date: 24/08/2026,The Iconic,Shopping,Discretionary,confirmed,contains:THE-ICONIC,-89.30,89.30,0.00,21767.05,2026-08,High confidence,36,"26 Aug 2026 -THE-ICONIC-896000000 BARANGAROO NS AUS -$89.30 $21,767.05 | Card xx0018 | Value Date: 24/08/2026"
2026-08-26,COLES 0784 DEE WHY AU,,COLES 0784 DEE WHY,Groceries,Essential,fallback,fallback:coles ,-5.75,5.75,0.00,21761.30,2026-08,High confidence,36,"26 Aug 2026 COLES 0784 DEE WHY AU -$5.75 $21,761.30"
2026-08-26,Direct Debit 507156 MBAUDPayments,AMBITIONS_V8fQ1UU1,Direct Debit 507156 MBAUDPayments,Fitness & Memberships,Discretionary,fallback,fallback:mbaudpayments,-68.00,68.00,0.00,21693.30,2026-08,High confidence,36,"26 Aug 2026 Direct Debit 507156 MBAUDPayments -$68.00 $21,693.30 | AMBITIONS_V8fQ1UU1"
2026-08-27,SQ *DY LOCAL Dee Why NS AUS,Card xx0018 | Value Date: 25/08/2026,DY LOCAL Dee Why,Other,Unknown,unmatched,,-14.28,14.28,0.00,21679.02,2026-08,High confidence,36,"27 Aug 2026 SQ *DY LOCAL Dee Why NS AUS -$14.28 $21,679.02 | Card xx0018 | Value Date: 25/08/2026"
2026-08-27,DEFT REAL ESTATE NetBank BPAY 4481 0053436473 Rent may 9 to 23,,DEFT REAL ESTATE NetBank BPAY 4481 Rent may 9 to 23,Housing - Rent,Essential,fallback,fallback:deft real estate,-1720.00,1720.00,0.00,19959.02,2026-08,High confidence,36,"27 Aug 2026 DEFT REAL ESTATE NetBank BPAY 4481 -$1,720.00 $19,959.02 | 0053436473 Rent may 9 to 23"
2026-08-27,Direct Credit 406712 GRAND UNITED GU HEALTH 29497443,,Direct Credit 406712 GRAND UNITED GU HEALTH,Income - Refund/Reimbursement,Income,system,,67.60,0.00,67.60,20026.62,2026-08,High confidence,36,"27 Aug 2026 Direct Credit 406712 GRAND UNITED $67.60 $20,026.62 | GU HEALTH 29497443"
2026-08-28,TRANSPORTFORNSW OPAL CHIPPENDALE AUS,Card xx6220 | Value Date: 26/08/2026,Transport for NSW,Transport,Essential,confirmed,contains:TRANSPORTFORNSW,-60.00,60.00,0.00,19966.62,2026-08,High confidence,36,"28 Aug 2026 TRANSPORTFORNSW OPAL CHIPPENDALE AUS -$60.00 $19,966.62 | Card xx6220 | Value Date: 26/08/2026"
2026-08-28,SQ *BARREL BELOW Sydney NS AUS,Card xx0018 | Value Date: 27/08/2026,Barrel Below,Dining & Coffee,Discretionary,suggested,contains:BARREL BELOW,-4.05,4.05,0.00,19962.57,2026-08,High confidence,36,"28 Aug 2026 SQ *BARREL BELOW Sydney NS AUS -$4.05 $19,962.57 | Card xx0018 | Value Date: 27/08/2026"
2026-08-28,TELLO MOBILE ATLANTA GA USA,Card xx0018 USD 11.80 | Value Date: 25/08/2026,TELLO MOBILE ATLANTA GA,Utilities & Phone,Essential,fallback,fallback:tello mobile,-16.51,16.51,0.00,19946.06,2026-08,High confidence,36,"28 Aug 2026 TELLO MOBILE ATLANTA GA USA -$16.51 $19,946.06 | Card xx0018 USD 11.80 | Value Date: 25/08/2026"
2026-08-28,International Transaction Fee,Value Date: 25/08/2026,International Transaction Fee,Bank Fees,Essential,fallback,fallback:international transaction fee,-0.58,0.58,0.00,19945.48,2026-08,High confidence,36,"28 Aug 2026 International Transaction Fee -$0.58 $19,945.48 | Value Date: 25/08/2026"
2026-08-28,SQ *BARREL BELOW Sydney NS AUS,Card xx0018 | Value Date: 26/08/2026,Barrel Below,Dining & Coffee,Discretionary,suggested,contains:BARREL BELOW,-4.05,4.05,0.00,19941.43,2026-08,High confidence,37,"28 Aug 2026 SQ *BARREL BELOW Sydney NS AUS -$4.05 $19,941.43 | Card xx0018 | Value Date: 26/08/2026"
2026-08-28,SQ *GOZLEME KING - CBD Sydney NS AUS,Card xx0018 | Value Date: 26/08/2026,GOZLEME KING - CBD Sydney,Other,Unknown,unmatched,,-17.27,17.27,0.00,19924.16,2026-08,High confidence,37,"28 Aug 2026 SQ *GOZLEME KING - CBD Sydney NS AUS -$17.27 $19,924.16 | Card xx0018 | Value Date: 26/08/2026"
2026-08-28,SQ *GOZLEME KING - CBD Sydney NS AUS,Card xx0018 | Value Date: 26/08/2026,GOZLEME KING - CBD Sydney,Other,Unknown,unmatched,,-5.08,5.08,0.00,19919.08,2026-08,High confidence,37,"28 Aug 2026 SQ *GOZLEME KING - CBD Sydney NS AUS -$5.08 $19,919.08 | Card xx0018 | Value Date: 26/08/2026"
2026-08-28,Direct Credit 158824 AMAZON COMML SEV,PDY004045520482,Direct Credit 158824 AMAZON COMML SEV,Income - Recurring Direct Credit,Income,system,,9455.02,0.00,9455.02,29374.10,2026-08,High confidence,37,"28 Aug 2026 Direct Credit 158824 AMAZON COMML SEV $9,455.02 $29,374.10 | PDY004045520482"
2026-08-28,MUJI RETAIL (AUSTRAL SYDNEY AU,,MUJI RETAIL (AUSTRAL SYDNEY,Shopping,Discretionary,fallback,fallback:muji retail,-29.95,29.95,0.00,29344.15,2026-08,High confidence,37,"28 Aug 2026 MUJI RETAIL (AUSTRAL SYDNEY AU -$29.95 $29,344.15"
2026-08-28,EzyMart 460 George St Sydney AU,,EzyMart 460 George St Sydney,Other,Unknown,unmatched,,-2.03,2.03,0.00,29342.12,2026-08,High confidence,37,"28 Aug 2026 EzyMart 460 George St Sydney AU -$2.03 $29,342.12"
2026-08-28,Direct Credit 406712 GRAND UNITED GU HEALTH 29497443,,Direct Credit 406712 GRAND UNITED GU HEALTH,Income - Refund/Reimbursement,Income,system,,249.70,0.00,249.70,29591.82,2026-08,High confidence,37,"28 Aug 2026 Direct Credit 406712 GRAND UNITED $249.70 $29,591.82 | GU HEALTH 29497443"
2026-08-28,TK MAXX WARRINGAH BROOKVALE NSWAU,,TK MAXX WARRINGAH BROOKVALE NSWAU,Shopping,Discretionary,fallback,fallback:tk maxx,-9.99,9.99,0.00,29581.83,2026-08,High confidence,37,"28 Aug 2026 TK MAXX WARRINGAH BROOKVALE NSWAU -$9.99 $29,581.83"
2026-08-28,COLES 0784 DEE WHY AU,,COLES 0784 DEE WHY,Groceries,Essential,fallback,fallback:coles ,-22.20,22.20,0.00,29559.63,2026-08,High confidence,37,"28 Aug 2026 COLES 0784 DEE WHY AU -$22.20 $29,559.63"
2026-08-29,Chill Bar DEE WHY NS AUS,Card xx2810 | Value Date: 27/08/2026,Chill Bar DEE WHY,Other,Unknown,unmatched,,-5.24,5.24,0.00,29554.39,2026-08,High confidence,37,"29 Aug 2026 Chill Bar DEE WHY NS AUS -$5.24 $29,554.39 | Card xx2810 | Value Date: 27/08/2026"
2026-08-29,SQ *ROYAL COPENHAGEN D Dee Why NS AUS,Card xx2810 | Value Date: 27/08/2026,ROYAL COPENHAGEN D Dee Why,Dining & Coffee,Discretionary,fallback,fallback:royal copenhagen,-5.08,5.08,0.00,29549.31,2026-08,High confidence,37,"29 Aug 2026 SQ *ROYAL COPENHAGEN D Dee Why NS AUS -$5.08 $29,549.31 | Card xx2810 | Value Date: 27/08/2026"
2026-08-29,COLES 0784 DEE WHY NS AUS,Card xx2810 | Value Date: 27/08/2026,COLES 0784 DEE WHY,Groceries,Essential,fallback,fallback:coles ,-30.31,30.31,0.00,29519.00,2026-08,High confidence,37,"29 Aug 2026 COLES 0784 DEE WHY NS AUS -$30.31 $29,519.00 | Card xx2810 | Value Date: 27/08/2026"
2026-08-29,TFNSW OPAL FARE SYDNEY AUS,Card xx0018 | Value Date: 27/08/2026,Transport for NSW,Transport,Essential,confirmed,contains:TFNSW OPAL,-5.77,5.77,0.00,29513.23,2026-08,High confidence,37,"29 Aug 2026 TFNSW OPAL FARE SYDNEY AUS -$5.77 $29,513.23 | Card xx0018 | Value Date: 27/08/2026"
2026-08-29,SQ *STOCK MARKET KITCH Sydney NS AUS,Card xx0018 | Value Date: 27/08/2026,Stock Market Kitchen,Dining & Coffee,Discretionary,confirmed,contains:STOCK MARKET KITCH,-13.90,13.90,0.00,29499.33,2026-08,High confidence,37,"29 Aug 2026 SQ *STOCK MARKET KITCH Sydney NS AUS -$13.90 $29,499.33 | Card xx0018 | Value Date: 27/08/2026"
2026-08-29,SP NATIVE BOTANICAL BR Noraville AU,,NATIVE BOTANICAL BR Noraville,Other,Unknown,unmatched,,-8.00,8.00,0.00,29491.33,2026-08,High confidence,37,"29 Aug 2026 SP NATIVE BOTANICAL BR Noraville AU -$8.00 $29,491.33"
2026-08-29,SMP*DAIRY GOODNESS 0 EARLWOOD02 AU,,DAIRY GOODNESS 0 EARLWOOD02,Other,Unknown,unmatched,,-13.21,13.21,0.00,29478.12,2026-08,High confidence,37,"29 Aug 2026 SMP*DAIRY GOODNESS 0 EARLWOOD02 AU -$13.21 $29,478.12"
2026-08-29,SQ *VANNELLA CHEESE (A Marrickville AU,,VANNELLA CHEESE (A Marrickville,Other,Unknown,unmatched,,-8.00,8.00,0.00,29470.12,2026-08,High confidence,37,"29 Aug 2026 SQ *VANNELLA CHEESE (A Marrickville AU -$8.00 $29,470.12"
2026-08-29,COLES 0784 DEE WHY AU,,COLES 0784 DEE WHY,Groceries,Essential,fallback,fallback:coles ,-7.30,7.30,0.00,29462.82,2026-08,High confidence,37,"29 Aug 2026 COLES 0784 DEE WHY AU -$7.30 $29,462.82"
2026-08-29,COLES 0784 DEE WHY AU,,COLES 0784 DEE WHY,Groceries,Essential,fallback,fallback:coles ,-7.55,7.55,0.00,29455.27,2026-08,High confidence,37,"29 Aug 2026 COLES 0784 DEE WHY AU -$7.55 $29,455.27"
2026-08-30,MCDONALDS WYNYARD RL SYDNEY NSWAU,,MCDONALDS WYNYARD RL SYDNEY NSWAU,Dining & Coffee,Discretionary,fallback,fallback:mcdonald,-8.05,8.05,0.00,29447.22,2026-08,High confidence,37,"30 Aug 2026 MCDONALDS WYNYARD RL SYDNEY NSWAU -$8.05 $29,447.22"
2026-08-31,Warringah Medical Brookvale AU,,Warringah Medical Brookvale,Health & Pharmacy,Essential,fallback,fallback:medical,-90.00,90.00,0.00,29357.22,2026-08,High confidence,37,"31 Aug 2026 Warringah Medical Brookvale AU -$90.00 $29,357.22"
2026-08-31,WWW.YESDRIVE.COM.AU,,WWW.YESDRIVE.COM,Other,Unknown,unmatched,,-86.89,86.89,0.00,29270.33,2026-08,High confidence,37,"31 Aug 2026 WWW.YESDRIVE.COM.AU -$86.89 $29,270.33"
2026-09-01,Sydney Olympic Park P5 Sydney Olympi NS AUS,Card xx2810 | Value Date: 29/08/2026,Sydney Olympic Park Parking,Transport,Irregular,confirmed,contains:SYDNEY OLYMPIC PARK P5,-40.00,40.00,0.00,29230.33,2026-09,High confidence,38,"01 Sep 2026 Sydney Olympic Park P5 Sydney Olympi NS AUS -$40.00 $29,230.33 | Card xx2810 | Value Date: 29/08/2026"
2026-09-01,SQ *SYDNEY SHOWGROUND Sydney Olympi NS AUS,Card xx2810 | Value Date: 29/08/2026,SYDNEY SHOWGROUND Sydney Olympi,Other,Unknown,unmatched,,-22.00,22.00,0.00,29208.33,2026-09,High confidence,38,"01 Sep 2026 SQ *SYDNEY SHOWGROUND Sydney Olympi NS AUS -$22.00 $29,208.33 | Card xx2810 | Value Date: 29/08/2026"
2026-09-01,SQ *SYDNEY SHOWGROUND Sydney Olympi NS AUS,Card xx2810 | Value Date: 29/08/2026,SYDNEY SHOWGROUND Sydney Olympi,Other,Unknown,unmatched,,-6.00,6.00,0.00,29202.33,2026-09,High confidence,38,"01 Sep 2026 SQ *SYDNEY SHOWGROUND Sydney Olympi NS AUS -$6.00 $29,202.33 | Card xx2810 | Value Date: 29/08/2026"
2026-09-01,COSTCO GAS AUBURN LIDCOMBE AU AUS,Card xx2810 | Value Date: 29/08/2026,Costco Gas,Transport,Essential,confirmed,contains:COSTCO GAS,-80.00,80.00,0.00,29122.33,2026-09,High confidence,38,"01 Sep 2026 COSTCO GAS AUBURN LIDCOMBE AU AUS -$80.00 $29,122.33 | Card xx2810 | Value Date: 29/08/2026"
2026-09-01,SQ *FOUR BROTHERS ESPR Warringah Mal NS AUS,Card xx2810 | Value Date: 28/08/2026,FOUR BROTHERS ESPR Warringah Mal,Other,Unknown,unmatched,,-22.15,22.15,0.00,29100.18,2026-09,High confidence,38,"01 Sep 2026 SQ *FOUR BROTHERS ESPR Warringah Mal NS AUS -$22.15 $29,100.18 | Card xx2810 | Value Date: 28/08/2026"
2026-09-01,SQ *WINGMILL Dee Why NS AUS,Card xx2810 | Value Date: 28/08/2026,WINGMILL Dee Why,Dining & Coffee,Discretionary,fallback,fallback:wingmill,-79.00,79.00,0.00,29021.18,2026-09,High confidence,38,"01 Sep 2026 SQ *WINGMILL Dee Why NS AUS -$79.00 $29,021.18 | Card xx2810 | Value Date: 28/08/2026"
2026-09-01,SQ *DY LOCAL Dee Why NS AUS,Card xx0018 | Value Date: 30/08/2026,DY LOCAL Dee Why,Other,Unknown,unmatched,,-10.20,10.20,0.00,29010.98,2026-09,High confidence,38,"01 Sep 2026 SQ *DY LOCAL Dee Why NS AUS -$10.20 $29,010.98 | Card xx0018 | Value Date: 30/08/2026"
2026-09-01,Guzman Y Gomez Franch Surry Hills NS AUS,Card xx0018 | Value Date: 30/08/2026,Guzman Y Gomez Franch Surry Hills,Dining & Coffee,Discretionary,fallback,fallback:guzman,-24.10,24.10,0.00,28986.88,2026-09,High confidence,38,"01 Sep 2026 Guzman Y Gomez Franch Surry Hills NS AUS -$24.10 $28,986.88 | Card xx0018 | Value Date: 30/08/2026"
2026-09-01,SQ *ZAVAGLIA'S FARM PR Glenorie NS AUS,Card xx0018 | Value Date: 29/08/2026,ZAVAGLIA'S FARM PR Glenorie,Other,Unknown,unmatched,,-4.00,4.00,0.00,28982.88,2026-09,High confidence,38,"01 Sep 2026 SQ *ZAVAGLIA'S FARM PR Glenorie NS AUS -$4.00 $28,982.88 | Card xx0018 | Value Date: 29/08/2026"
2026-09-01,SQ *DANIEL MAY Potts Point NS AUS,Card xx0018 | Value Date: 29/08/2026,DANIEL MAY Potts Point,Other,Unknown,unmatched,,-14.18,14.18,0.00,28968.70,2026-09,High confidence,38,"01 Sep 2026 SQ *DANIEL MAY Potts Point NS AUS -$14.18 $28,968.70 | Card xx0018 | Value Date: 29/08/2026"
2026-09-01,SQ *BAR COPAINS Surry Hills NS AUS,Card xx0018 | Value Date: 29/08/2026,BAR COPAINS Surry Hills,Other,Unknown,unmatched,,-195.07,195.07,0.00,28773.63,2026-09,High confidence,38,"01 Sep 2026 SQ *BAR COPAINS Surry Hills NS AUS -$195.07 $28,773.63 | Card xx0018 | Value Date: 29/08/2026"
2026-09-01,SQ *SINGLE O CARRIAGEW Eveleigh NS AUS,Card xx0018 | Value Date: 29/08/2026,SINGLE O CARRIAGEW Eveleigh,Other,Unknown,unmatched,,-6.58,6.58,0.00,28767.05,2026-09,High confidence,38,"01 Sep 2026 SQ *SINGLE O CARRIAGEW Eveleigh NS AUS -$6.58 $28,767.05 | Card xx0018 | Value Date: 29/08/2026"
2026-09-01,TFNSW OPAL FARE SYDNEY AUS,Card xx0018 | Value Date: 28/08/2026,Transport for NSW,Transport,Essential,confirmed,contains:TFNSW OPAL,-5.77,5.77,0.00,28761.28,2026-09,High confidence,38,"01 Sep 2026 TFNSW OPAL FARE SYDNEY AUS -$5.77 $28,761.28 | Card xx0018 | Value Date: 28/08/2026"
2026-09-01,SQ *BARREL BELOW Sydney NS AUS,Card xx0018 | Value Date: 28/08/2026,Barrel Below,Dining & Coffee,Discretionary,suggested,contains:BARREL BELOW,-4.05,4.05,0.00,28757.23,2026-09,High confidence,38,"01 Sep 2026 SQ *BARREL BELOW Sydney NS AUS -$4.05 $28,757.23 | Card xx0018 | Value Date: 28/08/2026"
2026-09-01,SQ *KWAFOOD FRIED SKEW Sydney NS AUS,Card xx0018 | Value Date: 28/08/2026,KWAFOOD FRIED SKEW Sydney,Dining & Coffee,Discretionary,fallback,fallback:food,-16.52,16.52,0.00,28740.71,2026-09,High confidence,38,"01 Sep 2026 SQ *KWAFOOD FRIED SKEW Sydney NS AUS -$16.52 $28,740.71 | Card xx0018 | Value Date: 28/08/2026"
2026-09-01,LSP*Mrs Jones the Bake Brookvale AU AUS,Card xx0018 | Value Date: 28/08/2026,Mrs Jones the Bake Brookvale,Other,Unknown,unmatched,,-5.02,5.02,0.00,28735.69,2026-09,High confidence,39,"01 Sep 2026 LSP*Mrs Jones the Bake Brookvale AU AUS -$5.02 $28,735.69 | Card xx0018 | Value Date: 28/08/2026"
2026-09-01,TIYEB STORE PTY LTD SYDNEY NSWAU,,TIYEB STORE PTY LTD SYDNEY NSWAU,Groceries,Essential,fallback,fallback:tiyeb store,-4.03,4.03,0.00,28731.66,2026-09,High confidence,39,"01 Sep 2026 TIYEB STORE PTY LTD SYDNEY NSWAU -$4.03 $28,731.66"
2026-09-01,Direct Debit 012495 GU HEALTH D/DBT,29497443,Direct Debit 012495 GU HEALTH D/DBT,Health & Pharmacy,Essential,fallback,fallback:gu health d/dbt,-139.08,139.08,0.00,28592.58,2026-09,High confidence,39,"01 Sep 2026 Direct Debit 012495 GU HEALTH D/DBT -$139.08 $28,592.58 | 29497443"
2026-09-02,BITE* BBDEE WHY SANCROX NS AUS,Card xx2810 | Value Date: 31/08/2026,BITE* BBDEE WHY SANCROX,Dining & Coffee,Discretionary,fallback,fallback:bite*,-30.83,30.83,0.00,28561.75,2026-09,High confidence,39,"02 Sep 2026 BITE* BBDEE WHY SANCROX NS AUS -$30.83 $28,561.75 | Card xx2810 | Value Date: 31/08/2026"
2026-09-02,AIRBNB * HMFHAFR8CS 4158005959 AU AUS,Card xx0018 | Value Date: 31/08/2026,Airbnb,Travel,Irregular,confirmed,contains:AIRBNB,-396.00,396.00,0.00,28165.75,2026-09,High confidence,39,"02 Sep 2026 AIRBNB * HMFHAFR8CS 4158005959 AU AUS -$396.00 $28,165.75 | Card xx0018 | Value Date: 31/08/2026"
2026-09-02,AIRBNB * HMXZ3S4TYC 4158005959 AU AUS,Card xx0018 | Value Date: 31/08/2026,Airbnb,Travel,Irregular,confirmed,contains:AIRBNB,-326.00,326.00,0.00,27839.75,2026-09,High confidence,39,"02 Sep 2026 AIRBNB * HMXZ3S4TYC 4158005959 AU AUS -$326.00 $27,839.75 | Card xx0018 | Value Date: 31/08/2026"
2026-09-02,AURIENTO PTY LTD LANE COVE NS AUS,Card xx0018 | Value Date: 30/08/2026,AURIENTO PTY LTD LANE COVE,Other,Unknown,unmatched,,-40.80,40.80,0.00,27798.95,2026-09,High confidence,39,"02 Sep 2026 AURIENTO PTY LTD LANE COVE NS AUS -$40.80 $27,798.95 | Card xx0018 | Value Date: 30/08/2026"
2026-09-02,COLES 0784 DEE WHY NS AUS,Card xx0018 | Value Date: 31/08/2026,COLES 0784 DEE WHY,Groceries,Essential,fallback,fallback:coles ,-28.61,28.61,0.00,27770.34,2026-09,High confidence,39,"02 Sep 2026 COLES 0784 DEE WHY NS AUS -$28.61 $27,770.34 | Card xx0018 | Value Date: 31/08/2026"
2026-09-02,MUJI RETAIL (AUSTRAL SYDNEY AU,,MUJI RETAIL (AUSTRAL SYDNEY,Shopping,Discretionary,fallback,fallback:muji retail,-40.15,40.15,0.00,27730.19,2026-09,High confidence,39,"02 Sep 2026 MUJI RETAIL (AUSTRAL SYDNEY AU -$40.15 $27,730.19"
2026-09-02,Uniqlo Australia Pty Ltd Sydney AU,,Uniqlo Pty Ltd Sydney,Shopping,Discretionary,fallback,fallback:uniqlo,-39.90,39.90,0.00,27690.29,2026-09,High confidence,39,"02 Sep 2026 Uniqlo Australia Pty Ltd Sydney AU -$39.90 $27,690.29"
2026-09-02,HOUSE OF P* EVT LEARN,,HOUSE OF P* EVT LEARN,Other,Unknown,unmatched,,-15.00,15.00,0.00,27675.29,2026-09,High confidence,39,"02 Sep 2026 HOUSE OF P* EVT LEARN -$15.00 $27,675.29"
2026-09-02,Direct Debit 507156 MBAUDPayments,AMBITIONS_VBJ1hBw7,Direct Debit 507156 MBAUDPayments,Fitness & Memberships,Discretionary,fallback,fallback:mbaudpayments,-68.00,68.00,0.00,27607.29,2026-09,High confidence,39,"02 Sep 2026 Direct Debit 507156 MBAUDPayments -$68.00 $27,607.29 | AMBITIONS_VBJ1hBw7"
2026-09-03,SEA VIEW CAFE & RESTA Dee Why NS AUS,Card xx2810 | Value Date: 01/09/2026,SEA VIEW CAFE & RESTA Dee Why,Dining & Coffee,Discretionary,fallback,fallback:cafe,-4.56,4.56,0.00,27602.73,2026-09,High confidence,39,"03 Sep 2026 SEA VIEW CAFE & RESTA Dee Why NS AUS -$4.56 $27,602.73 | Card xx2810 | Value Date: 01/09/2026"
2026-09-03,ENERGYAUSTRALIA PTY LT MELBOURNE AUS,Card xx6220 | Value Date: 01/09/2026,ENERGYAUSTRALIA PTY LT MELBOURNE,Utilities & Phone,Essential,fallback,fallback:energyaustralia,-618.79,618.79,0.00,26983.94,2026-09,High confidence,39,"03 Sep 2026 ENERGYAUSTRALIA PTY LT MELBOURNE AUS -$618.79 $26,983.94 | Card xx6220 | Value Date: 01/09/2026"
2026-09-03,North Sandwich&Burger Chippendale NS AUS,Card xx0018 | Value Date: 01/09/2026,North Sandwich&Burger Chippendale,Dining & Coffee,Discretionary,fallback,fallback:sandwich,-18.83,18.83,0.00,26965.11,2026-09,High confidence,39,"03 Sep 2026 North Sandwich&Burger Chippendale NS AUS -$18.83 $26,965.11 | Card xx0018 | Value Date: 01/09/2026"
2026-09-03,CHEMIST WAREHOUSE DEE WHY NS AUS,Card xx0018 | Value Date: 31/08/2026,CHEMIST WAREHOUSE DEE WHY,Health & Pharmacy,Essential,fallback,fallback:chemist warehouse,-11.99,11.99,0.00,26953.12,2026-09,High confidence,39,"03 Sep 2026 CHEMIST WAREHOUSE DEE WHY NS AUS -$11.99 $26,953.12 | Card xx0018 | Value Date: 31/08/2026"
2026-09-03,Direct Credit 406712 GRAND UNITED GU HEALTH 29497443,,Direct Credit 406712 GRAND UNITED GU HEALTH,Income - Refund/Reimbursement,Income,system,,67.60,0.00,67.60,27020.72,2026-09,High confidence,39,"03 Sep 2026 Direct Credit 406712 GRAND UNITED $67.60 $27,020.72 | GU HEALTH 29497443"
2026-09-04,IELTS Australia Pty Lt 61396124400 VI AUS,Card xx2810 | Value Date: 02/09/2026,IELTS,Education & Professional,Work/Admin,confirmed,contains:IELTS,-490.00,490.00,0.00,26530.72,2026-09,High confidence,39,"04 Sep 2026 IELTS Australia Pty Lt 61396124400 VI AUS -$490.00 $26,530.72 | Card xx2810 | Value Date: 02/09/2026"
2026-09-04,SPECSAVERS SYDNEY AUS,Card xx0018 | Value Date: 03/09/2026,SPECSAVERS SYDNEY,Health & Pharmacy,Essential,fallback,fallback:specsavers,-153.00,153.00,0.00,26377.72,2026-09,High confidence,40,"04 Sep 2026 SPECSAVERS SYDNEY AUS -$153.00 $26,377.72 | Card xx0018 | Value Date: 03/09/2026"
2026-09-04,Australia The Galaries SYD AU AUS,Card xx0018 | Value Date: 02/09/2026,The Galaries SYD,Other,Unknown,unmatched,,-18.20,18.20,0.00,26359.52,2026-09,High confidence,40,"04 Sep 2026 Australia The Galaries SYD AU AUS -$18.20 $26,359.52 | Card xx0018 | Value Date: 02/09/2026"
2026-09-04,KOV SMART FOODKOV SMART FSydney AU,,KOV SMART FOODKOV SMART FSydney,Dining & Coffee,Discretionary,fallback,fallback:food,-17.19,17.19,0.00,26342.33,2026-09,High confidence,40,"04 Sep 2026 KOV SMART FOODKOV SMART FSydney AU -$17.19 $26,342.33"
2026-09-04,Direct Debit 518073 Crunch Fitness -,EZYPAYID_107713637,Direct Debit 518073 Crunch Fitness,Fitness & Memberships,Discretionary,fallback,fallback:crunch fitness,-22.90,22.90,0.00,26319.43,2026-09,High confidence,40,"04 Sep 2026 Direct Debit 518073 Crunch Fitness - -$22.90 $26,319.43 | EZYPAYID_107713637"
2026-09-04,Direct Debit 518073 Crunch Fitness -,EZYPAYID_107712867,Direct Debit 518073 Crunch Fitness,Fitness & Memberships,Discretionary,fallback,fallback:crunch fitness,-30.90,30.90,0.00,26288.53,2026-09,High confidence,40,"04 Sep 2026 Direct Debit 518073 Crunch Fitness - -$30.90 $26,288.53 | EZYPAYID_107712867"
2026-09-05,SQ *LEAF CAFE WESTMEAD Westmead NS AUS,Card xx2810 | Value Date: 03/09/2026,LEAF CAFE WESTMEAD Westmead,Dining & Coffee,Discretionary,fallback,fallback:cafe,-6.29,6.29,0.00,26282.24,2026-09,High confidence,40,"05 Sep 2026 SQ *LEAF CAFE WESTMEAD Westmead NS AUS -$6.29 $26,282.24 | Card xx2810 | Value Date: 03/09/2026"
2026-09-05,COLES 0784 DEE WHY NS AUS,Card xx2810 | Value Date: 03/09/2026,COLES 0784 DEE WHY,Groceries,Essential,fallback,fallback:coles ,-41.09,41.09,0.00,26241.15,2026-09,High confidence,40,"05 Sep 2026 COLES 0784 DEE WHY NS AUS -$41.09 $26,241.15 | Card xx2810 | Value Date: 03/09/2026"
2026-09-05,TFNSW OPAL FARE SYDNEY AUS,Card xx0018 | Value Date: 03/09/2026,Transport for NSW,Transport,Essential,confirmed,contains:TFNSW OPAL,-5.77,5.77,0.00,26235.38,2026-09,High confidence,40,"05 Sep 2026 TFNSW OPAL FARE SYDNEY AUS -$5.77 $26,235.38 | Card xx0018 | Value Date: 03/09/2026"
2026-09-05,SUSHI HON SYDNEY NS AUS,Card xx0018 | Value Date: 03/09/2026,SUSHI HON SYDNEY,Dining & Coffee,Discretionary,fallback,fallback:sushi,-4.66,4.66,0.00,26230.72,2026-09,High confidence,40,"05 Sep 2026 SUSHI HON SYDNEY NS AUS -$4.66 $26,230.72 | Card xx0018 | Value Date: 03/09/2026"
2026-09-05,Espresso on Kent Sydney NS AUS,Card xx0018 | Value Date: 03/09/2026,Espresso on Kent Sydney,Dining & Coffee,Discretionary,fallback,fallback:espresso,-6.00,6.00,0.00,26224.72,2026-09,High confidence,40,"05 Sep 2026 Espresso on Kent Sydney NS AUS -$6.00 $26,224.72 | Card xx0018 | Value Date: 03/09/2026"
2026-09-05,IGA DEE WHY L0347 DEE WHY NSW AU,,IGA DEE WHY L0347 DEE WHY,Groceries,Essential,fallback,fallback:iga ,-6.39,6.39,0.00,26218.33,2026-09,High confidence,40,"05 Sep 2026 IGA DEE WHY L0347 DEE WHY NSW AU -$6.39 $26,218.33"
2026-09-05,LIQUORLAND 3626 DEE WHY AU,,LIQUORLAND 3626 DEE WHY,Dining & Coffee,Discretionary,fallback,fallback:liquor,-13.49,13.49,0.00,26204.84,2026-09,High confidence,40,"05 Sep 2026 LIQUORLAND 3626 DEE WHY AU -$13.49 $26,204.84"
2026-09-05,COLES 0784 DEE WHY AU,,COLES 0784 DEE WHY,Groceries,Essential,fallback,fallback:coles ,-10.50,10.50,0.00,26194.34,2026-09,High confidence,40,"05 Sep 2026 COLES 0784 DEE WHY AU -$10.50 $26,194.34"
2026-09-06,Transfer To O ARSLAN,PayID Phone from CommBank App | Food,Transfer To O ARSLAN,Transfer Out,Transfer,system,,-7.00,7.00,0.00,26187.34,2026-09,High confidence,40,"06 Sep 2026 Transfer To O ARSLAN -$7.00 $26,187.34 | PayID Phone from CommBank App | Food"
2026-09-07,TAXIPAY AUSTRALIA MASCOT NSWAU,,Taxi,Transport,Essential,confirmed,contains:TAXIPAY,-87.15,87.15,0.00,26100.19,2026-09,High confidence,40,"07 Sep 2026 TAXIPAY AUSTRALIA MASCOT NSWAU -$87.15 $26,100.19"
2026-09-07,COLES 0784 DEE WHY AU,,COLES 0784 DEE WHY,Groceries,Essential,fallback,fallback:coles ,-2.46,2.46,0.00,26097.73,2026-09,High confidence,40,"07 Sep 2026 COLES 0784 DEE WHY AU -$2.46 $26,097.73"
2026-09-08,YQME FOOD ORDERING FRENCHS FORES AU AUS,Card xx6220 | Value Date: 06/09/2026,YQME FOOD ORDERING FRENCHS FORES,Dining & Coffee,Discretionary,fallback,fallback:food,-12.69,12.69,0.00,26085.04,2026-09,High confidence,40,"08 Sep 2026 YQME FOOD ORDERING FRENCHS FORES AU AUS -$12.69 $26,085.04 | Card xx6220 | Value Date: 06/09/2026"
2026-09-08,TRANSPORTFORNSW OPAL CHIPPENDALE AUS,Card xx6220 | Value Date: 04/09/2026,Transport for NSW,Transport,Essential,confirmed,contains:TRANSPORTFORNSW,-60.00,60.00,0.00,26025.04,2026-09,High confidence,40,"08 Sep 2026 TRANSPORTFORNSW OPAL CHIPPENDALE AUS -$60.00 $26,025.04 | Card xx6220 | Value Date: 04/09/2026"
2026-09-08,LSP*Corretto Dee Why Dee Why AU AUS,Card xx2810 | Value Date: 06/09/2026,Corretto Dee Why Dee Why,Dining & Coffee,Discretionary,fallback,fallback:corretto,-5.64,5.64,0.00,26019.40,2026-09,High confidence,40,"08 Sep 2026 LSP*Corretto Dee Why Dee Why AU AUS -$5.64 $26,019.40 | Card xx2810 | Value Date: 06/09/2026"
2026-09-08,SQ *COLLAROY BAKEHOUSE Collaroy NS AUS,Card xx2810 | Value Date: 06/09/2026,COLLAROY BAKEHOUSE Collaroy,Other,Unknown,unmatched,,-6.88,6.88,0.00,26012.52,2026-09,High confidence,41,"08 Sep 2026 SQ *COLLAROY BAKEHOUSE Collaroy NS AUS -$6.88 $26,012.52 | Card xx2810 | Value Date: 06/09/2026"
2026-09-08,COLES 0784 DEE WHY NS AUS,Card xx2810 | Value Date: 06/09/2026,COLES 0784 DEE WHY,Groceries,Essential,fallback,fallback:coles ,-31.09,31.09,0.00,25981.43,2026-09,High confidence,41,"08 Sep 2026 COLES 0784 DEE WHY NS AUS -$31.09 $25,981.43 | Card xx2810 | Value Date: 06/09/2026"
2026-09-08,TRANSPORTFORNSW OPAL CHIPPENDALE AUS,Card xx2810 | Value Date: 04/09/2026,Transport for NSW,Transport,Essential,confirmed,contains:TRANSPORTFORNSW,-60.00,60.00,0.00,25921.43,2026-09,High confidence,41,"08 Sep 2026 TRANSPORTFORNSW OPAL CHIPPENDALE AUS -$60.00 $25,921.43 | Card xx2810 | Value Date: 04/09/2026"
2026-09-08,Bare Naked Bowls Dee Dee Why NS AUS,Card xx2810 | Value Date: 05/09/2026,Bare Naked Bowls,Dining & Coffee,Discretionary,confirmed,contains:BARE NAKED BOWLS,-5.26,5.26,0.00,25916.17,2026-09,High confidence,41,"08 Sep 2026 Bare Naked Bowls Dee Dee Why NS AUS -$5.26 $25,916.17 | Card xx2810 | Value Date: 05/09/2026"
2026-09-08,EUROPEAN TASTE DELI Roseville NS AUS,Card xx2810 | Value Date: 05/09/2026,EUROPEAN TASTE DELI Roseville,Dining & Coffee,Discretionary,fallback,fallback:deli,-71.56,71.56,0.00,25844.61,2026-09,High confidence,41,"08 Sep 2026 EUROPEAN TASTE DELI Roseville NS AUS -$71.56 $25,844.61 | Card xx2810 | Value Date: 05/09/2026"
2026-09-08,COLES 0784 DEE WHY NS AUS,Card xx2810 | Value Date: 05/09/2026,COLES 0784 DEE WHY,Groceries,Essential,fallback,fallback:coles ,-32.27,32.27,0.00,25812.34,2026-09,High confidence,41,"08 Sep 2026 COLES 0784 DEE WHY NS AUS -$32.27 $25,812.34 | Card xx2810 | Value Date: 05/09/2026"
2026-09-08,OpusPark Sydney NS AUS,Card xx2810 | Value Date: 03/09/2026,OpusPark,Transport,Essential,confirmed,contains:OPUSPARK,-10.00,10.00,0.00,25802.34,2026-09,High confidence,41,"08 Sep 2026 OpusPark Sydney NS AUS -$10.00 $25,802.34 | Card xx2810 | Value Date: 03/09/2026"
2026-09-08,SQ *TWIST ESPRESSO & W Dee Why NS AUS,Card xx2810 | Value Date: 04/09/2026,TWIST ESPRESSO & W Dee Why,Dining & Coffee,Discretionary,fallback,fallback:espresso,-15.20,15.20,0.00,25787.14,2026-09,High confidence,41,"08 Sep 2026 SQ *TWIST ESPRESSO & W Dee Why NS AUS -$15.20 $25,787.14 | Card xx2810 | Value Date: 04/09/2026"
2026-09-08,Henry Gs Manly AU AUS,Card xx2810 | Value Date: 04/09/2026,Henry Gs Manly,Other,Unknown,unmatched,,-69.55,69.55,0.00,25717.59,2026-09,High confidence,41,"08 Sep 2026 Henry Gs Manly AU AUS -$69.55 $25,717.59 | Card xx2810 | Value Date: 04/09/2026"
2026-09-08,SQ *BUTTERBOY MANLY Manly NS AUS,Card xx2810 | Value Date: 04/09/2026,BUTTERBOY MANLY Manly,Other,Unknown,unmatched,,-17.20,17.20,0.00,25700.39,2026-09,High confidence,41,"08 Sep 2026 SQ *BUTTERBOY MANLY Manly NS AUS -$17.20 $25,700.39 | Card xx2810 | Value Date: 04/09/2026"
2026-09-08,SQ *WINGMILL Dee Why NS AUS,Card xx2810 | Value Date: 04/09/2026,WINGMILL Dee Why,Dining & Coffee,Discretionary,fallback,fallback:wingmill,-18.00,18.00,0.00,25682.39,2026-09,High confidence,41,"08 Sep 2026 SQ *WINGMILL Dee Why NS AUS -$18.00 $25,682.39 | Card xx2810 | Value Date: 04/09/2026"
2026-09-08,SQ *WINGMILL Dee Why NS AUS,Card xx2810 | Value Date: 04/09/2026,WINGMILL Dee Why,Dining & Coffee,Discretionary,fallback,fallback:wingmill,-35.00,35.00,0.00,25647.39,2026-09,High confidence,41,"08 Sep 2026 SQ *WINGMILL Dee Why NS AUS -$35.00 $25,647.39 | Card xx2810 | Value Date: 04/09/2026"
2026-09-08,The Vicars Daughters Collaroy AU AUS,Card xx0018 | Value Date: 06/09/2026,The Vicars Daughters Collaroy,Other,Unknown,unmatched,,-8.13,8.13,0.00,25639.26,2026-09,High confidence,41,"08 Sep 2026 The Vicars Daughters Collaroy AU AUS -$8.13 $25,639.26 | Card xx0018 | Value Date: 06/09/2026"
2026-09-08,LSP*Upper Crust Pies Collaroy AU AUS,Card xx0018 | Value Date: 06/09/2026,Upper Crust Pies Collaroy,Dining & Coffee,Discretionary,fallback,fallback:upper crust,-12.78,12.78,0.00,25626.48,2026-09,High confidence,41,"08 Sep 2026 LSP*Upper Crust Pies Collaroy AU AUS -$12.78 $25,626.48 | Card xx0018 | Value Date: 06/09/2026"
2026-09-08,TFNSW OPAL FARE SYDNEY AUS,Card xx0018 | Value Date: 05/09/2026,Transport for NSW,Transport,Essential,confirmed,contains:TFNSW OPAL,-6.28,6.28,0.00,25620.20,2026-09,High confidence,41,"08 Sep 2026 TFNSW OPAL FARE SYDNEY AUS -$6.28 $25,620.20 | Card xx0018 | Value Date: 05/09/2026"
2026-09-08,WILLOUGHBY CITY COUNCI CHATSWOOD AUS,Card xx0018 | Value Date: 05/09/2026,WILLOUGHBY CITY COUNCI CHATSWOOD,Other,Unknown,unmatched,,-5.50,5.50,0.00,25614.70,2026-09,High confidence,42,"08 Sep 2026 WILLOUGHBY CITY COUNCI CHATSWOOD AUS -$5.50 $25,614.70 | Card xx0018 | Value Date: 05/09/2026"
2026-09-08,SQ *AMBER CRUMB PTY LT Gladesville NS AUS,Card xx0018 | Value Date: 05/09/2026,AMBER CRUMB PTY LT Gladesville,Other,Unknown,unmatched,,-9.14,9.14,0.00,25605.56,2026-09,High confidence,42,"08 Sep 2026 SQ *AMBER CRUMB PTY LT Gladesville NS AUS -$9.14 $25,605.56 | Card xx0018 | Value Date: 05/09/2026"
2026-09-08,SQ *ROLLING ICE Kingsgrove NS AUS,Card xx0018 | Value Date: 05/09/2026,ROLLING ICE Kingsgrove,Other,Unknown,unmatched,,-8.13,8.13,0.00,25597.43,2026-09,High confidence,42,"08 Sep 2026 SQ *ROLLING ICE Kingsgrove NS AUS -$8.13 $25,597.43 | Card xx0018 | Value Date: 05/09/2026"
2026-09-08,SQ *TEA JOURNAL Chatswood NS AUS,Card xx0018 | Value Date: 05/09/2026,TEA JOURNAL Chatswood,Dining & Coffee,Discretionary,fallback,fallback:tea ,-25.00,25.00,0.00,25572.43,2026-09,High confidence,42,"08 Sep 2026 SQ *TEA JOURNAL Chatswood NS AUS -$25.00 $25,572.43 | Card xx0018 | Value Date: 05/09/2026"
2026-09-08,SQ *TEA JOURNAL Chatswood NS AUS,Card xx0018 | Value Date: 05/09/2026,TEA JOURNAL Chatswood,Dining & Coffee,Discretionary,fallback,fallback:tea ,-45.00,45.00,0.00,25527.43,2026-09,High confidence,42,"08 Sep 2026 SQ *TEA JOURNAL Chatswood NS AUS -$45.00 $25,527.43 | Card xx0018 | Value Date: 05/09/2026"
2026-09-08,SQ *THE ABANGS Wickham NS AUS,Card xx0018 | Value Date: 05/09/2026,THE ABANGS Wickham,Other,Unknown,unmatched,,-10.20,10.20,0.00,25517.23,2026-09,High confidence,42,"08 Sep 2026 SQ *THE ABANGS Wickham NS AUS -$10.20 $25,517.23 | Card xx0018 | Value Date: 05/09/2026"
2026-09-08,QSR PTY LTD Pyrmont AU AUS,Card xx0018 | Value Date: 05/09/2026,QSR PTY LTD Pyrmont,Other,Unknown,unmatched,,-13.90,13.90,0.00,25503.33,2026-09,High confidence,42,"08 Sep 2026 QSR PTY LTD Pyrmont AU AUS -$13.90 $25,503.33 | Card xx0018 | Value Date: 05/09/2026"
2026-09-08,TFNSW OPAL FARE SYDNEY AUS,Card xx0018 | Value Date: 04/09/2026,Transport for NSW,Transport,Essential,confirmed,contains:TFNSW OPAL,-5.77,5.77,0.00,25497.56,2026-09,High confidence,42,"08 Sep 2026 TFNSW OPAL FARE SYDNEY AUS -$5.77 $25,497.56 | Card xx0018 | Value Date: 04/09/2026"
2026-09-08,EJ FAMILY TRUST SYDNEY NS AUS,Card xx0018 | Value Date: 04/09/2026,EJ FAMILY TRUST SYDNEY,Other,Unknown,unmatched,,-10.11,10.11,0.00,25487.45,2026-09,High confidence,42,"08 Sep 2026 EJ FAMILY TRUST SYDNEY NS AUS -$10.11 $25,487.45 | Card xx0018 | Value Date: 04/09/2026"
2026-09-08,SQ *ALL PURPOSE BAKERY Sydney NS AUS,Card xx0018 | Value Date: 04/09/2026,ALL PURPOSE BAKERY Sydney,Dining & Coffee,Discretionary,fallback,fallback:bakery,-12.62,12.62,0.00,25474.83,2026-09,High confidence,42,"08 Sep 2026 SQ *ALL PURPOSE BAKERY Sydney NS AUS -$12.62 $25,474.83 | Card xx0018 | Value Date: 04/09/2026"
2026-09-08,SQ *KAHII Sydney NS AUS,"Card xx0018 | Value Date: 04/09/2026 | questions or need more information, go to commbank.com.au/support. | Team.",Kahii,Dining & Coffee,Discretionary,suggested,contains:KAHII,-12.69,12.69,0.00,25462.14,2026-09,High confidence,42,"08 Sep 2026 SQ *KAHII Sydney NS AUS -$12.69 $25,462.14 | Card xx0018 | Value Date: 04/09/2026 | cleared. | If you have questions or need more information, go to commbank.com.au/support. | Kind regards, | The CommBank Team."
